District Name;District ID;PO Group;Purchase Order Number;PO Start Date;PO Expiry Date;License Type;Total License Count;Redeemed Count;Product Titles;Number of Users Assigned
Portland Public Schools (OR);69729;Active PO;Portland_Public_Schools_Reporteros_1_2_migrated;2024-08-12;2025-09-15;User;8700;27;"Reporteros 1; Reporteros 2 ; Reporteros 3; Reporteros 4";500
Loudoun County Public Schools;68589;Active PO;PO_60427_PD_Neu_1;2024-08-20;2025-09-23;User;10598;32;Portfolio Deutsch Neu, Level 1 - Textbook;109
Loudoun County Public Schools;68589;Active PO;PO_60427_PD_Neu_2;2024-08-20;2025-09-23;User;12562;33;Portfolio Deutsch Neu, Level 2 - Textbook;99
Loudoun County Public Schools;68589;Active PO;PO_60427_PD_Neu_3_4;2024-08-20;2025-09-23;User;5136;34;Portfolio Deutsch Neu, Level 3/4 - Textbook;86
Apple Valley Unified School District;62973;Expired PO;APPLEVALLEYUSD_PILOT_Readers;2024-04-02;2024-06-14;User;950;1;"24 horas en Barcelona; 24 horas en Bogotá; 24 horas en Buenos Aires; 24 horas en Ciudad de México; Me despierto y bailo; Todo para todos; Un gol fantástico";1
Apple Valley Unified School District;62973;Expired PO;APPLEVALLEYUSD_PILOT_Reporteros1-3;2023-11-28;2024-06-14;User;950;1;"Reporteros 1; Reporteros 2 ; Reporteros 3";1
Apple Valley Unified School District;62973;Expired PO;SO-59023_AppleValleyUSDPilot_ReportersFranc1;2025-02-28;2025-04-28;User;160;4;Reporters francophones 1;139
Apple Valley Unified School District;62973;Expired PO;SO-59023_AppleValleyUSDPilot_ReportersFranc2;2025-02-28;2025-04-28;User;72;3;Reporters francophones 2;63
Apple Valley Unified School District;62973;Expired PO;SO-59023_AppleValleyUSDPilot_ReportersFranc3;2025-02-28;2025-04-28;User;30;3;Reporters francophones 3;23
East Rockaway Union Free SD;72271;Active PO;Pilot2024-2025_EastRockaway_ReporterosSeries;2024-09-20;2025-06-10;User;440;2;"Reporteros 1A; Reporteros 1B; Reporteros 2 ; Reporteros 3; Reporteros 4";369
Shawnee Mission School District (KS);73313;Active PO;ShawneeMission_SO-49069_SpanishReaders;2024-11-13;2025-12-17;User;861;1;"24 horas en Bogotá; 24 horas en Ciudad de México; En busca de la verdad; Todo para todos; Un gol fantástico";1
Shawnee Mission School District (KS);73313;Expired PO;ShawneeMissionPilot_2024-2025_ReporterosSeries;2024-10-30;2025-01-17;User;803;8;"Reporteros 1; Reporteros 2 ; Reporteros 3; Reporteros 4";500
Oxford Community School District;73668;Active PO;OxfordCSD_PilotExtension_Reporteros1;2025-02-18;2025-09-05;User;238;3;Reporteros 1;122
Oxford Community School District;73668;Active PO;OxfordCSD_PilotExtension_Reporteros2;2025-02-18;2025-09-05;User;143;2;Reporteros 2;4
Oxford Community School District;73668;Expired PO;SO-28089_OxfordSchoolsMI_MiddleSchool_Reporteros1;2024-06-11;2025-02-02;User;779;1;Reporteros 1;0
Oxford Community School District;73668;Expired PO;SO-28089_OxfordSchoolsMI_MiddleSchool_Reporteros2;2024-06-11;2025-02-02;User;170;1;Reporteros 2;0
Oxford Community School District;73668;Expired PO;SO-28090_OxfordSchoolsMI_HighSchool_Reporteros1;2024-06-11;2025-02-02;User;32;1;Reporteros 1;0
Oxford Community School District;73668;Expired PO;SO-28090_OxfordSchoolsMI_HighSchool_Reporteros2;2024-06-11;2025-02-02;User;245;1;Reporteros 2;0
Oxford Community School District;73668;Expired PO;SO-28090_OxfordSchoolsMI_HighSchool_Reporteros3;2024-06-11;2025-02-02;User;234;1;Reporteros 3;0
Oxford Community School District;73668;Expired PO;SO-28090_OxfordSchoolsMI_HighSchool_Reporteros4;2024-06-17;2025-02-02;User;121;1;Reporteros 4;0
Oxford Community School District;73668;Expired PO;SO-28090_OxfordSchoolsMI_ReporterosSeries_Nov2024;;2025-02-18;User;;;;0
Uniondale School District;72203;Active PO;Pilot_UniondaleFreeSD_ReportersFrancophones_Series;2024-09-19;2025-06-15;User;485;4;"Reporters francophones 3; Reporters francophones 1; Reporters francophones 1A; Reporters francophones 1B; Reporters francophones 2";305
Belton Independent School District;71977;Active PO;PO022400175_PortfolioDeutschNeu1_textbook;2024-09-19;2025-10-23;User;65;3;Portfolio Deutsch Neu, Level 1 - Textbook;65
Belton Independent School District;71977;Active PO;PO022400175_PortfolioDeutschNeu1_teachermaterials;2024-09-19;2025-10-23;User;10;3;"Portfolio Deutsch Neu, Level 1 - Teacher's Manual; Portfolio Deutsch Neu, Level 1 - Textbook; Portfolio Deutsch Neu, Level 1 - Workbook";5
Belton Independent School District;71977;Active PO;POZQ003146_PortfolioDeutschNeu1_textbook;2024-09-27;2025-10-31;User;20;2;Portfolio Deutsch Neu, Level 1 - Textbook;15
Vallejo City Unified School District;71238;Active PO;POPO25-00601_Defifrancophone1-2;2024-09-04;2025-10-08;User;100;2;"Défi francophone 1; Défi francophone 2";5
Vallejo City Unified School District;71238;Active PO;PO25-00601_Reportersfrancophones1-3;2024-09-04;2025-10-08;User;400;3;"Reporters francophones 3; Reporters francophones 1; Reporters francophones 2";142
Vallejo City Unified School District;71238;Active PO;PO25-00601_Proyectos1-2;2024-09-04;2025-10-08;User;310;2;"Proyectos 1; Proyectos 2";7
Department of Defense Education Activity (DoDEA);70550;Active PO;PO_HE125424FE121_Reporters_Francophones_1;2024-08-30;2025-10-03;User;541;12;Reporters francophones 1;263
Department of Defense Education Activity (DoDEA);70550;Active PO;PO_HE125424FE121_Reporters_Francophones_2;2024-08-30;2025-10-03;User;313;12;Reporters francophones 2;85
Department of Defense Education Activity (DoDEA);70550;Active PO;PO_HE125424FE121_Reporters_Francophones_3;2024-08-30;2025-10-03;User;185;10;Reporters francophones 3;47
Department of Defense Education Activity (DoDEA);70550;Active PO;PO_HE125424FE121_Davvero_1;2024-08-30;2025-10-03;User;320;7;Davvero 1;105
Department of Defense Education Activity (DoDEA);70550;Active PO;PO_HE125424FE121_Davvero_2;2024-08-30;2025-10-03;User;250;6;Davvero 2;25
Department of Defense Education Activity (DoDEA);70550;Active PO;PO_HE125425FE086_Reporteros_Francophones_1;2024-11-26;2025-12-30;User;41;3;Reporters francophones 1;24
Department of Defense Education Activity (DoDEA);70550;Active PO;PO_HE125425FE086_Reporteros_Francophones_2;2024-11-26;2025-12-30;User;41;3;Reporters francophones 2;6
Department of Defense Education Activity (DoDEA);70550;Active PO;PO_HE125425FE086_Reporters_Francopohones_3;2024-11-26;2025-12-30;User;41;2;Reporters francophones 3;3
Waukesha School District (WI);71140;Active PO;PO#4572500023_Waukesha_Reporteros1-4;;2025-09-30;User;;;;0
Waukesha School District (WI);71140;Active PO;PO#4572500023_Waukesha_RepFrancophones1;;2025-09-30;User;;;;0
Waukesha School District (WI);71140;Active PO;TeacherTrial_Waukesha_RepFrancophones2-3;2024-09-05;2025-10-09;User;5;2;"Reporters francophones 3; Reporters francophones 2";5
Waukesha School District (WI);71140;Active PO;Waukesha_PilotAddendum_Reporteros3;2025-04-01;2025-06-15;User;111;1;Reporteros 3;3
Waukesha School District (WI);71140;Expired PO;SO-48659_WaukeshaSD_Pilot_GeneracionAP;2024-11-08;2025-03-09;User;250;5;Generación AP®;51
Waukesha School District (WI);71140;Expired PO;SO-48659_WaukeshaSD_Pilot_Reporteros;2024-11-08;2025-03-09;User;421;5;"Reporteros 1; Reporteros 2 ; Reporteros 3; Reporteros 4";337
Franklin Towne Charter High School;71205;Active PO;PO#2425-000119_FranklinTowneCS_Rep1_Teacher3year;;2027-12-11;User;;;;0
Franklin Towne Charter High School;71205;Active PO;PO#2425-000119_FranklinTowneCS_Readers_Teacher12mo;;2025-10-02;User;;;;0
Franklin Towne Charter High School;71205;Expired PO;PO#2425-000119_FranklinTowneCS_Reporteros1+Readers;2024-08-28;2025-03-15;User;;;;0
St. Charles Community Unit School District 303 (IL) -- ClassLink -- updated;70659;Active PO;PO5240342_Reporteros1-2_Classlink;2024-08-16;2025-09-19;User;13475;5;"Reporteros 1; Reporteros 2";500
St. Charles Community Unit School District 303 (IL) -- ClassLink -- updated;70659;Active PO;PO5240342_RF1-3_Classlink;2024-08-16;2025-09-19;User;2226;5;"Reporters francophones 3; 24 heures à Bruxelles; 24 heures à la Réunion; 24 heures à Paris; 24 heures en Bretagne; Reporters francophones 1; Reporters francophones 2";305
St. Charles Community Unit School District 303 (IL) -- ClassLink -- updated;70659;Active PO;PO5240342_FrenchReaderSeries_Classlink;2024-08-19;2025-09-22;User;580;4;"24 heures à Bruxelles; 24 heures à la Réunion; 24 heures à Montréal; 24 heures à Paris; 24 heures en Provence";71
South Kitsap School District;70563;Active PO;POZQ002761_SouthKitsapHS_Proyectos1;2024-08-16;2025-09-19;User;40;2;Proyectos 1;25
Lyons Township High School District 204;70480;Active PO;7302500010_ Lyons TownshipHS;2024-08-15;2025-09-18;User;200;2;"Davvero 1; Davvero 2";164
Effingham County Schools;68095;Active PO;PO462-00_Reporteros1-3;2024-08-12;2025-09-15;User;12551;7;"Reporteros 1; Reporteros 2 ; Reporteros 3";500
Effingham County Schools;68095;Active PO;PO462-00_Reportersfrancophones1-3;2024-08-12;2025-09-15;User;2369;4;"Reporters francophones 3; Reporters francophones 1; Reporters francophones 2";111
Sacramento City Unified School District - ClassLink;68384;Active PO;KSO4355000002108046_SacramentoCityUSD_PDN1-4;2024-07-29;2025-09-01;User;1500;2;"Portfolio Deutsch Neu, Level 1 - Textbook; Portfolio Deutsch Neu, Level 1 - Workbook; Portfolio Deutsch Neu, Level 2 - Textbook; Portfolio Deutsch Neu, Level 2 - Workbook; Portfolio Deutsch Neu, Level 3/4 - Textbook; Portfolio Deutsch Neu, Level 3/4 - Workbook";160
Sacramento City Unified School District - ClassLink;68384;Active PO;KSO4355000002108046_SacramentoCityUSD_PDN1-4_tchr;2024-07-29;2025-09-01;User;10;2;"Portfolio Deutsch Neu, Level 1 - Teacher's Manual; Portfolio Deutsch Neu, Level 2 - Teacher’s Manual; Portfolio Deutsch Neu, Level 3/4 - Teacher's Manual";3
Elmwood-Murdock Public Schools (NE);69246;Active PO;PO#EM24-25KWL_Elmwood-MurdockSchools_Reporteros;;2025-09-08;User;;;;0
Forsyth County Schools;68587;Active PO;ForsythCounty2024_PDNeu;2024-07-26;2026-08-29;User;2500;5;"Portfolio Deutsch Neu, Level 1 - Teacher's Manual; Portfolio Deutsch Neu, Level 1 - Textbook; Portfolio Deutsch Neu, Level 1 - Workbook; Portfolio Deutsch Neu, Level 2 - Teacher’s Manual; Portfolio Deutsch Neu, Level 2 - Textbook; Portfolio Deutsch Neu, Level 2 - Workbook; Portfolio Deutsch Neu, Level 3/4 - Teacher's Manual; Portfolio Deutsch Neu, Level 3/4 - Textbook; Portfolio Deutsch Neu, Level 3/4 - Workbook";176
Thompson School District - ClassLink;69331;Active PO;232205-0131-AK_ThompsonSD_Mapas3;2024-08-05;2025-09-14;User;60;3;Mapas 3;29
Victor Valley Union High School District;67340;Active PO;PO242835_VictorValleyUHSD_Klasse;2024-07-12;2025-08-29;User;270;2;"Klasse! A1; Klasse! A1 - The KWL Hub Textbook for Students ; Klasse! A1 - The KWL Hub Workbook for Students ; Klasse! A2; Klasse! A2 - The KWL Hub Textbook for Students ; Klasse! A2 - The KWL Hub Workbook for Students ; Klasse! B1; Klasse! B1 - The KWL Hub Textbook for Students ; Klasse! B1 - The KWL Hub Workbook for Students";49
Victor Valley Union High School District;67340;Expired PO;VIICTORVALLEYUHSD_DEMO;2023-02-28;2023-08-29;User;5;1;"Reporters francophones 1 Enriched eText Student Edition sample unit; Reporters francophones 1 Enriched eText Workbook sample unit; Reporters francophones 1 eText Student Edition; Reporters francophones 1 eText Teacher Edition sample unit; Reporters francophones 1 eText Teacher Edition TO BE DELETED; Reporters francophones 1 eText Workbook";3
Palo Alto Unified School District - ClassLink;66614;Active PO;PaloAltoUSD_adoption_Reporteros_all;2024-05-31;2025-07-04;User;19742;6;"Reporteros 1; Reporteros 2 ; Reporteros 3; Reporteros 4";500
Palo Alto Unified School District - ClassLink;66614;Active PO;PaloAltoUSD_adoption_Reportersfrancophones_all;2024-05-31;2025-07-04;User;6254;6;"Reporters francophones 3; Reporters francophones 1; Reporters francophones 2";487
Palo Alto Unified School District - ClassLink;66614;Active PO;PaloAltoUSD_adoption_Defifrancophone2;2024-05-31;2025-07-04;User;1449;1;Défi francophone 2;3
Palo Alto Unified School District - ClassLink;66614;Active PO;PaloAltoUSD_adoption_Klasse_all;2024-07-29;2025-09-01;User;500;2;"Klasse! A1; Klasse! A1 - The KWL Hub Textbook for Students ; Klasse! A1 - The KWL Hub Workbook for Students ; Klasse! A2; Klasse! A2 - The KWL Hub Textbook for Students ; Klasse! A2 - The KWL Hub Workbook for Students ; Klasse! B1; Klasse! B1 - The KWL Hub Textbook for Students ; Klasse! B1 - The KWL Hub Workbook for Students";5
Palo Alto Unified School District - ClassLink;66614;Active PO;PaloAltoUSD_PO#DE 252786_GunnHS_Mapas1-2;;2025-10-08;User;;;;0
Elkhorn Public Schools;67314;Active PO;ElkhornPS_PO#W2400401_ReportersFrancophone1-3;;2031-09-01;User;;;;0
Elkhorn Public Schools;67314;Active PO;ElkhornPS_PO#W2400401_DefiFrancophone2;;2031-09-01;User;;;;0
Elkhorn Public Schools;67314;Expired PO;Elkhorn Public Schools (NE) DEMO;2024-03-01;2024-09-16;User;5;1;"Reporters francophones 1; Reporters francophones 2";2
River Trails School District 26;66052;Active PO;PO6245089_RiverTrailsSD_ReporterosSeries;2024-08-12;2025-09-15;User;1114;2;Reporteros 1;354
River Trails School District 26;66052;Active PO;ComplimentaryTeacher_RiverTrails_SpanishReaders;2025-01-28;2025-08-15;User;10;2;"Me despierto y bailo; Todo para todos; Un gol fantástico";7
River Trails School District 26;66052;Expired PO;PO6245089_RiverTrailsSD_ReporterosSeries;2024-08-02;2024-08-02;User;1114;1;Reporteros 1;1
Mountain View Los Altos Union High School District;62360;Active PO;KSO4355000002108322_MountainViewHS_RF1-2;2024-08-05;2025-09-08;User;625;2;"Reporters francophones 1; Reporters francophones 2";5
Mountain View Los Altos Union High School District;62360;Active PO;KSO4355000002108322_Mountain_View_LA_HS_RF1_RF2;2024-08-09;2025-09-12;User;541;3;"Reporters francophones 3; Reporters francophones 1; Reporters francophones 2";233
Mountain View Los Altos Union High School District;62360;Expired PO;Pilot_MountainView;2023-11-08;2024-08-09;User;285;3;"Reporters francophones 1; Reporters francophones 2";147
San Ramón Valley USD;62729;Active PO;KSO435500000210817_SanRamonValleyUSD_Mapas4;2024-08-05;2025-09-08;User;3420;5;Mapas 4;309
Southern Door School District;62827;Active PO;KSO4355000002106977_Classlink;2023-11-20;2029-12-31;User;1000;3;"Reporteros 1; Reporteros 2 ; Reporteros 3";164
Richland School District WA;59318;Active PO;RichlandSchoolDistrict_adoption_Reporteros1-3;2024-08-23;2025-09-26;User;10000;7;"Reporteros 1; Reporteros 2";500
Richland School District WA;59318;Active PO;RichlandSchoolDistrict_adoption_Defifrancophone1-2;2024-08-23;2025-09-26;User;350;5;"Défi francophone 1; Défi francophone 2";37
Richland School District WA;59318;Active PO;RichlandSchoolDistrict_adoption_KlasseA1-A2;2024-08-23;2025-09-26;User;1880;3;"Klasse! A1; Klasse! A1 - The KWL Hub Workbook for Students ; Klasse! A2; Klasse! A2 - The KWL Hub Workbook for Students";108
Richland School District WA;59318;Expired PO;PG223310 Reporteros 1,2 Student and Teacher;2023-08-21;2024-09-23;User;6943;8;"Reporteros 1; Reporteros 2";174
Richland School District WA;59318;Expired PO;PO SO-589 Reporteros 3;2023-08-22;2024-09-24;User;690;5;Reporteros 3;13
Georgetown Day School;61388;Active PO;KSO3002554_Reporteros1_2;2023-09-08;2025-09-01;User;400;2;"Reporteros 1; Reporteros 2";206
Georgetown Day School;61388;Active PO;KSO3002554_Reportersfrancophones1_2;2023-09-08;2025-09-01;User;100;2;"Reporters francophones 1; Reporters francophones 2";40
Georgetown Day School;61388;Active PO;PO_ZQ002421_Reporteros_1;2024-08-29;2025-10-02;User;99;2;Reporteros 1;12
Georgetown Day School;61388;Active PO;PO_ZQ002421_Reporteros_2;2024-08-29;2025-10-02;User;118;2;Reporteros 2;13
Georgetown Day School;61388;Active PO;PO_ZQ002421_Reporters_Francophones_1_etext;2024-08-29;2025-10-02;User;30;2;Reporters francophones 1: The KWL Hub eBook;10
Georgetown Day School;61388;Active PO;PO_ZQ002421_Reporters_Francophones_2;2024-08-29;2025-10-02;User;12;2;Reporters francophones 2;10
Georgetown Day School;61388;Active PO;GeorgetownDaySchool_ReporterosReaders;2025-03-21;2025-10-02;User;265;2;"24 horas en Barcelona; 24 horas en Bogotá; 24 horas en Buenos Aires; 24 horas en Ciudad de México; Me despierto y bailo; Mi año de intercambio; Todo para todos; Un gol fantástico";39
Georgetown Day School;61388;Expired PO;GEORGETOWNDAYSCHOOL_DEMO;2023-02-23;2023-05-23;User;5;1;"Reporters francophones 1 Enriched eText Student Edition sample unit; Reporters francophones 1 Enriched eText Workbook sample unit; Reporters francophones 1 eText Student Edition; Reporters francophones 1 eText Teacher Edition sample unit; Reporters francophones 1 eText Teacher Edition TO BE DELETED; Reporters francophones 1 eText Workbook";3
North Colonie Central Schools;61347;Active PO;KSO4355000002106806_PDN_1_2_34;2023-09-06;2026-10-17;User;875;3;"Portfolio Deutsch Neu, Level 1 - Teacher's Manual; Portfolio Deutsch Neu, Level 1 - Textbook; Portfolio Deutsch Neu, Level 1 - Workbook; Portfolio Deutsch Neu, Level 2 - Teacher’s Manual; Portfolio Deutsch Neu, Level 2 - Textbook; Portfolio Deutsch Neu, Level 2 - Workbook; Portfolio Deutsch Neu, Level 3/4 - Teacher's Manual; Portfolio Deutsch Neu, Level 3/4 - Textbook; Portfolio Deutsch Neu, Level 3/4 - Workbook";106
North Colonie Central Schools;61347;Active PO;PO#53786_NorthColonieCS_2025-2026_Reporteros1-2;;2026-09-30;User;;;;0
North Colonie Central Schools;61347;Active PO;PO#53786_NorthColonieCS_2024-2025_Reporteros1-2;;2025-09-30;User;;;;0
North Colonie Central Schools;61347;Expired PO;PO#53786_NorthColonieCentralSchools_Reporteros1-3;2024-07-03;2024-07-30;User;;;;0
King School;60006;Active PO;PO # WL- F -2023-2024;;2026-11-05;User;;;;0
King School;60006;Active PO;PO_ZQ002481_Reporteros3_student;2024-07-22;2025-08-25;User;60;3;Reporteros 3;3
King School;60006;Active PO;PO_ZQ002481_Reporteros3_teacher_3yr;2024-07-22;2027-07-26;User;10;2;Reporteros 3;2
King School;60006;Active PO;PO_ZQ002481_ReportersFrancophones1_student_1yr;2024-07-22;2025-08-25;User;60;3;Reporters francophones 1;3
King School;60006;Active PO;PO_ZQ002481_ReportersFrancophones1_teacher_3yr;2024-07-22;2027-07-26;User;6;2;Reporters francophones 1;2
King School;60006;Active PO;PO_ZQ002481_ReportersFrancophones2_student_1yr;2024-07-22;2025-08-25;User;60;2;Reporters francophones 2;2
King School;60006;Active PO;PO_ZQ002481_ReportersFrancophones3_student_1yr;2024-07-22;2025-08-25;User;60;3;Reporters francophones 3;3
King School;60006;Active PO;PO_ZQ002481_ReportersFrancophones3_teacher_3yr;2024-07-22;2027-07-26;User;6;2;Reporters francophones 3;2
King School;60006;Active PO;POZQ002481_Reporteros3_all;2024-08-30;2025-10-03;User;40;2;Reporteros 3;27
King School;60006;Active PO;POZQ002481_Reportersfrancophones1-3_all;2024-08-30;2025-10-03;User;50;2;"Reporters francophones 3; Reporters francophones 1; Reporters francophones 2";35
King School;60006;Expired PO;PO_5380245000041941003;2024-01-22;2024-08-07;User;15;3;Reporters francophones 2;3
King School;60006;Expired PO;Quote5380245000007906035_KingSchool_RF2;2023-08-30;2024-10-02;User;18;3;Reporters francophones 2;3
Hampshire County;59164;Active PO;PO240053_HampshireCounty_Reporteros1-3;2023-08-29;2029-08-05;User;700;2;"Reporteros 1; Reporteros 2 ; Reporteros 3";80
Upper Arlington City School District;59446;Active PO;KSO4355000002106619 Reporters Francophones 1 and 2;2023-08-18;2025-09-01;User;1346;5;"Reporters francophones 1; Reporters francophones 2";207
Upper Arlington City School District;59446;Active PO;PO#2405826_UpperArlington_Klasse_Textbook+Workbook;;2025-09-01;User;;;;0
Upper Arlington City School District;59446;Active PO;PO#2405500_UpperArlington_ReportersFrancophones3;;2025-09-01;User;;;;0
Upper Arlington City School District;59446;Expired PO;TESTREVIEW;2023-02-16;2023-08-17;User;5;1;"Reporters francophones 1 Enriched eText Student Edition sample unit; Reporters francophones 1 Enriched eText Workbook sample unit; Reporters francophones 1 eText Student Edition; Reporters francophones 1 eText Teacher Edition sample unit; Reporters francophones 1 eText Teacher Edition TO BE DELETED; Reporters francophones 1 eText Workbook";3
Brooke County Schools;59541;Active PO;PO 154737 Reporteros 1 teacher;2023-08-10;2026-08-08;User;500;2;Reporteros 1;64
Brooke County Schools;59541;Active PO;PO 154737 Reporteros 2 teacher;2023-08-10;2026-08-08;User;25;1;Reporteros 2;1
Brooke County Schools;59541;Active PO;PO 154737 Reporteros 3 teacher;2023-08-10;2026-08-08;User;25;1;Reporteros 3;1
Brooke County Schools;59541;Active PO;PO 154737_Reporteros1-4_all;2024-08-16;2029-08-03;User;10000;3;"Reporteros 1; Reporteros 2 ; Reporteros 3; Reporteros 4";179
Brooke County Schools;59541;Expired PO;PO 154737 Reporteros 1 Student;2023-08-10;2024-09-12;User;550;3;Reporteros 1;2
Brooke County Schools;59541;Expired PO;PO 154737 Reporteros 2 student;2023-08-10;2024-09-12;User;350;2;Reporteros 2;1
Brooke County Schools;59541;Expired PO;PO 154737 Reporteros 3;2023-08-10;2024-09-12;User;75;1;Reporteros 3;1
Crawfordsville Community Schools;60384;Active PO;PO#16707_Crawfordsville_HighSchool_Reporteros;;2025-09-08;User;;;;0
Crawfordsville Community Schools;60384;Active PO;PO#16707_Crawfordsville_HighSchool_ReportersFranc.;;2025-09-08;User;;;;0
Crawfordsville Community Schools;60384;Active PO;PO#16707_Crawfordsville_MiddleSchool_Reporteros;;2025-09-08;User;;;;0
Crawfordsville Community Schools;60384;Expired PO;CRAWFORDSVILLECS_DEMO;2023-03-03;2024-10-01;User;5;1;"Reporteros 1; Reporteros 2 ; Reporteros 3";3
Crawfordsville Community Schools;60384;Expired PO;KSO4355000002106732-1 Reporteros 1;2023-08-18;2024-09-20;User;170;3;Reporteros 1;44
Crawfordsville Community Schools;60384;Expired PO;KSO4355000002106733 Reporteros 1;2023-08-18;2024-09-20;User;100;2;Reporteros 1;19
Crawfordsville Community Schools;60384;Expired PO;KSO4355000002106733 Reporters francophones 1 and 2;2023-08-18;2024-09-20;User;240;2;"Reporters francophones 1; Reporters francophones 2";46
Taylor County Schools;59542;Active PO;PO 24056 Reporteros 1 (includes 1A, 1B, 1);2023-08-16;2028-07-31;User;1470;3;"Reporteros 1; Reporteros 1A; Reporteros 1B";332
Taylor County Schools;59542;Active PO;PO 24056 Reporteros 2;2023-08-16;2028-07-31;User;289;2;Reporteros 2;17
Taylor County Schools;59542;Active PO;PO20240206_TaylorCo_Rep3Map4;2023-09-07;2028-08-15;User;100;2;"Mapas 4; Reporteros 3";14
Campbell Independent School District;60337;Active PO;PO244347_CampbelI_ISD_Reporteros1-3;2024-08-16;2025-09-19;User;25;2;"Reporteros 1; Reporteros 2 ; Reporteros 3";26
Campbell Independent School District;60337;Expired PO;PO231145_Reporteros1-2;2023-08-22;2024-09-24;User;55;2;"Reporteros 1; Reporteros 2";3
Green Bay Area Public Schools;58277;Active PO;P163324_Reporteros All Book;2023-08-29;2025-07-01;User;14935;14;"Reporteros 1; Reporteros 2 ; Reporteros 3; Reporters francophones 1; Reporters francophones 2";500
Green Bay Area Public Schools;58277;Active PO;Green_Bay_Reporteros_4;2024-08-24;2025-09-27;User;833;7;Reporteros 4;21
Green Bay Area Public Schools;58277;Active PO;Green_Bay_Reporters_Francophones_3;2024-08-24;2025-09-27;User;266;3;Reporters francophones 3;21
Green Bay Area Public Schools;58277;Active PO;Green_Bay_Generacion_AP_sample_unit_Demo;2025-03-20;2025-10-05;User;10;3;Generación AP;8
Morgan County Schools;59176;Expired PO;PO 231397 PO 231398;2023-08-18;2024-09-20;User;220;3;"Reporteros 1; Reporteros 2 ; Reporteros 3";33
Cotati-Rohnert Park Unified School District;59574;Active PO;KSO4355000002106610_Reporteros 1_teachers_Cotati;2023-08-10;2026-08-08;User;2766;2;Reporteros 1;8
Cotati-Rohnert Park Unified School District;59574;Active PO;KSO4355000002106610_Reporteros 2_teachers_Cotati;2023-08-10;2026-08-08;User;2766;2;Reporteros 2;6
Cotati-Rohnert Park Unified School District;59574;Active PO;KSO4355000002106610_Reporteros 3_teachers_Cotati;2023-08-10;2026-08-08;User;2766;2;Reporteros 3;7
Cotati-Rohnert Park Unified School District;59574;Active PO;KSO4355000002106610_Reporteros1-3_all;2024-08-13;2025-09-16;User;8300;2;"Reporteros 1; Reporteros 2 ; Reporteros 3";6
Cotati-Rohnert Park Unified School District;59574;Expired PO;KSO4355000002106610_Reporteros 1_students_Cotati;2023-08-10;2024-09-12;User;2766;2;Reporteros 1;120
Cotati-Rohnert Park Unified School District;59574;Expired PO;KSO4355000002106610_Reporteros 2_students_Cotati;2023-08-10;2024-09-12;User;2766;2;Reporteros 2;53
Cotati-Rohnert Park Unified School District;59574;Expired PO;KSO4355000002106610_Reporteros 3_students_Cotati;2023-08-10;2024-09-12;User;2766;2;Reporteros 3;31
Elmwood Park School District;58143;Active PO;PO84494 Reporteros 1 Teacher Student;2023-08-22;2029-08-22;User;3908;5;Reporteros 1;500
Elmwood Park School District;58143;Active PO;PO84494 Mapas 1,2,3 Teacher and Student;2023-08-22;2029-08-22;User;3447;6;"Mapas 1; Mapas 2; Mapas 3";308
Granby Public School District;74323;Active PO;GranbyPublicSchools_PILOT_ReportersFrancophones_1;2024-12-20;2025-06-30;User;75;3;Reporters francophones 1;23
Granby Public School District;74323;Active PO;GranbyPublicSchools_PILOT_ReportersFrancophones_2;2024-12-20;2025-06-30;User;70;3;Reporters francophones 2;69
Whittier Union High Sch Dist;73028;Active PO;WhittierUHSD_pilot_Reporteros1-3;2024-10-21;2025-06-15;User;2620;6;"Reporteros 1; Reporteros 2 ; Reporteros 3";500
Puc Schools - Ca;72234;Active PO;PO2734_Reporteros1;2024-09-19;2025-10-23;User;140;2;Reporteros 1;130
Culpeper County Public Schools;71296;Active PO;PO103918_Klasse;2024-08-29;2029-06-30;User;800;2;"Klasse! A1; Klasse! A1 - The KWL Hub Textbook for Students ; Klasse! A1 - The KWL Hub Workbook for Students ; Klasse! A2; Klasse! A2 - The KWL Hub Textbook for Students ; Klasse! A2 - The KWL Hub Workbook for Students ; Klasse! B1; Klasse! B1 - The KWL Hub Textbook for Students ; Klasse! B1 - The KWL Hub Workbook for Students";4
Culpeper County Public Schools;71296;Active PO;PO_103919_ReportersFrancophones;2024-08-29;2029-06-30;User;635;3;"Reporters francophones 3; Reporters francophones 1; Reporters francophones 2";99
Rise Prep Mayoral Academy;71015;Active PO;PO#HSReporterosCurriculum_RISEPrep_Reporteros1;;2025-10-02;User;;;;0
Rise Prep Mayoral Academy;71015;Active PO;PO#24-25 RPMA_RISEPrep_Reporteros1A;;2025-11-11;User;;;;0
DeKalb County School District;69709;Active PO;PO106395_DekalbCountySD_PortfolioDeutschNeu_2024;2024-08-14;2025-09-17;User;14622;5;"Portfolio Deutsch Neu, Level 1 - Teacher's Manual; Portfolio Deutsch Neu, Level 1 - Textbook; Portfolio Deutsch Neu, Level 1 - Workbook; Portfolio Deutsch Neu, Level 2 - Teacher’s Manual; Portfolio Deutsch Neu, Level 2 - Textbook; Portfolio Deutsch Neu, Level 2 - Workbook; Portfolio Deutsch Neu, Level 3/4 - Teacher's Manual; Portfolio Deutsch Neu, Level 3/4 - Textbook; Portfolio Deutsch Neu, Level 3/4 - Workbook";41
Douglas USD #27;69084;Active PO;PO#250355_DouglasUSD_Reporteros;;2025-09-04;User;;;;0
Douglas USD #27;69084;Active PO;PO#250355_DouglasUSD_Mapas;;2025-09-04;User;;;;0
Douglas USD #27;69084;Active PO;PO#250355_DouglasUSD_SpanishReaders;;2025-09-04;User;;;;0
Ridgefield Park Sch District;68515;Active PO;PO24-00643_RidgefieldParkHS_Reporteros1_5-year;2024-07-17;2029-09-01;User;1000;2;Reporteros 1;248
Riverside Public School District 96;67113;Active PO;PO20250001_RiversidePublicDistrict#96_Reporteros1;;2025-07-11;User;;;;0
Fremont School District 79;63253;Expired PO;FremontSD79_Pilot_Reporteros1;2023-12-21;2024-04-01;User;40;2;Reporteros 1;27
Cleveland Metro School District;61709;Active PO;Pilot_2024-2025_ClevelandMetroSD_Reporteros1-3;2024-09-24;2025-05-31;User;1354;5;"Reporteros 1; Reporteros 1B; Reporteros 2 ; Reporteros 3";500
Cleveland Metro School District;61709;Active PO;Pilot_2024-2025_ClevelandMetroSD_Spanish_e-Readers;2024-09-27;2025-05-31;User;315;2;"En busca de la verdad; Me despierto y bailo";14
Cleveland Metro School District;61709;Active PO;Pilot_2024-2025_ClevelandMetroSD_Mapas;2025-01-12;2025-05-31;User;360;2;Mapas 1;14
Cleveland Metro School District;61709;Expired PO;Cleveland Pilot;2023-09-19;2024-10-22;User;500;2;Mapas 1;28
Snoqualmie Valley School District 410;61172;Expired PO;PO # 3012300043 all PD books;2023-08-31;2024-10-03;User;;;;0
West Covina Unified School District;60958;Active PO;KSO4355000002106839 Reporteros 1/2 Teacher Student;;2026-07-10;User;;;;0
West Covina Unified School District;60958;Active PO;KSO4355000002108740 Reporteros 3-4_Teacher;2024-08-08;2026-07-10;User;20;2;"Reporteros 3; Reporteros 4";8
Alameda Unified School District;76007;Expired PO;AlamedaUSDpilot_AlamedaHS_Reporteros2_Enbusca_;2025-02-07;2025-04-20;User;175;2;"En busca de la verdad; Reporteros 2";171
Alameda Unified School District;76007;Expired PO;AlamedaUSDpilot_AlamedaHS_Reporteros3_24hrsCDMX;2025-02-07;2025-04-20;User;110;2;"24 horas en Ciudad de México; Reporteros 3";102
Alameda Unified School District;76007;Expired PO;AlamedaUSDpilot_AlamedaHS_Reporteros4;2025-02-07;2025-04-20;User;60;2;Reporteros 4;54
Alameda Unified School District;76007;Expired PO;AlamedaUSDpilot_AlamedaHS_Reportersfranc1;2025-02-07;2025-04-20;User;45;2;Reporters francophones 1;37
Alameda Unified School District;76007;Expired PO;AlamedaUSDpilot_AlamedaHS_Reportersfranc2;2025-02-07;2025-04-20;User;50;2;Reporters francophones 2;46
Alameda Unified School District;76007;Expired PO;AlamedaUSDpilot_AlamedaHS_Reportersfranc3;2025-02-07;2025-04-20;User;60;2;Reporters francophones 3;54
Alameda Unified School District;76007;Expired PO;AlamedaUSDpilot_EncinalJrSr_Reporteros1_Todopara;2025-02-07;2025-04-20;User;105;2;"Reporteros 1; Todo para todos";97
Alameda Unified School District;76007;Expired PO;AlamedaUSDpilot_EncinalJrSr_Reportersfranc1;2025-02-07;2025-04-20;User;70;2;Reporters francophones 1;4
Alameda Unified School District;76007;Expired PO;AlamedaUSDpilot_EncinalJrSr_Reportersfranc2;2025-02-07;2025-04-20;User;55;2;Reporters francophones 2;49
Alameda Unified School District;76007;Expired PO;AlamedaUSDpilot_LincolnMS_Reporteros1_Todoparatodo;2025-02-07;2025-04-20;User;105;2;"Reporteros 1; Todo para todos";97
Nogales Unified School Dist 1;73151;Active PO;PO 24251036_Reporteros1-2_Ungolfantastico_all;2024-10-24;2029-08-10;User;1110;2;"Reporteros 1; Reporteros 2 ; Un gol fantástico";69
Greenfield Union School District;72239;Active PO;PO 250820_OllivierMiddleSchool_Reporteros1_all;2024-09-24;2025-10-28;User;230;2;Reporteros 1;1
Greenfield Union School District;72239;Active PO;PO250841_GreenfieldMiddleSchool_Reporteros1teacher;2024-09-24;2027-09-28;User;5;2;Reporteros 1;3
Greenfield Union School District;72239;Active PO;PO 250842_McKeeMiddleSchool_Reporteros1_teacher;2024-09-24;2027-09-28;User;5;2;Reporteros 1;3
Grand Ledge Public School Dist;71347;Active PO;PO#20250037_GrandLedge_ReportersFrancophones1-3;;2025-10-03;User;;;;0
Lake Orion Community School District;71063;Expired PO;SO-31206_LakeOrion_PDNeu1-2;2024-08-26;2025-03-13;User;230;2;"Portfolio Deutsch Neu, Level 1 - Teacher's Manual; Portfolio Deutsch Neu, Level 1 - Textbook; Portfolio Deutsch Neu, Level 1 - Workbook; Portfolio Deutsch Neu, Level 2 - Teacher’s Manual; Portfolio Deutsch Neu, Level 2 - Textbook; Portfolio Deutsch Neu, Level 2 - Workbook";15
Lake Orion Community School District;71063;Expired PO;SO-31206_LakeOrion_Reporteros1-3;2024-09-05;2025-03-23;User;1310;5;"Reporteros 1; Reporteros 2 ; Reporteros 3";500
Northshore School District 417;70646;Active PO;NorthshoreSchoolDistrict_pilot_Defifrancophone1;2024-08-16;2025-09-19;User;375;4;Défi francophone 1;142
West Lafayette Community School District;76290;Active PO;WestLafayetteCSD_PILOT_Reporteros4;2025-02-21;2025-05-05;User;33;2;Reporteros 4;28
Jefferson Co School District;69092;Active PO;PO242579_PO242580_Mapas1;2024-08-01;2030-01-21;User;3604;7;Mapas 1;500
Jefferson Co School District;69092;Active PO;PO242579_PO242580_Mapas2;2024-08-01;2030-01-21;User;1710;3;Mapas 2;280
Jefferson Co School District;69092;Active PO;PO242579_PO242580_Mapas3;2024-08-01;2030-01-21;User;590;3;Mapas 3;116
Jefferson Co School District;69092;Active PO;PO242579_PO242580_ReportersFrancophones1;2024-08-01;2030-01-21;User;354;3;Reporters francophones 1;95
Jefferson Co School District;69092;Active PO;PO242579_PO242580_ReportersFrancophones2;2024-08-01;2030-01-21;User;327;3;Reporters francophones 2;138
Jefferson Co School District;69092;Active PO;PO242579_PO242580_ReportersFrancophones3;2024-08-01;2030-01-21;User;117;2;Reporters francophones 3;28
Jefferson Co School District;69092;Active PO;PO251117_Reporteros1;2024-10-18;2028-01-30;User;11;5;Reporteros 1;11
Danvers Public Schools;73463;Expired PO;Danvers Public Schools (MA) _DEMO;2024-10-28;2025-02-04;User;5;1;"Reporteros 1A; Reporteros 1B; Reporters francophones 1A; Reporters francophones 1B";3
Danvers Public Schools;73463;Expired PO;DanversPS_Pilot_Reporteros;2024-11-08;2025-01-01;User;590;2;Reporteros 1;374
Danvers Public Schools;73463;Expired PO;DanversPS_Pilot_ReportersFrancophones1;2024-11-08;2025-01-01;User;105;2;Reporters francophones 1;100
Greater Albany Public Schools;72360;Active PO;Quote 220720-1110-RK_Klasse_all;2024-09-25;2027-07-30;User;605;2;"Klasse! A1; Klasse! A1 - The KWL Hub Textbook for Students ; Klasse! A1 - The KWL Hub Workbook for Students ; Klasse! A2; Klasse! A2 - The KWL Hub Textbook for Students ; Klasse! A2 - The KWL Hub Workbook for Students ; Klasse! B1; Klasse! B1 - The KWL Hub Textbook for Students ; Klasse! B1 - The KWL Hub Workbook for Students";106
Jennings School District;71540;Active PO;Pilot_JenningsSchoolDistrictMO_Reporteros1-2;2024-09-04;2025-10-08;User;152;1;"Reporteros 1; Reporteros 2";2
Jennings School District;71540;Active PO;Pilot_JenningsSchoolDistrictMO_RepFrancophones1;2024-09-04;2025-10-08;User;163;1;Reporters francophones 1;2
Jennings School District;71540;Expired PO;Jennings School District (MO) DEMO;2024-08-14;2024-11-21;User;5;1;"Reporteros 1; Reporteros 2 ; Reporters francophones 1";3
Berkeley County School District;60484;Active PO;PO 240237  Reporteros 1 Student;2023-08-10;2025-09-30;User;7303;11;Reporteros 1;500
Berkeley County School District;60484;Active PO;PO 240237 Reporteros 2 student;2023-08-10;2025-09-30;User;6195;7;Reporteros 2;310
Berkeley County School District;60484;Active PO;PO 240237 Reporteros 3 Student;2023-08-10;2025-09-30;User;1051;5;Reporteros 3;101
Berkeley County School District;60484;Active PO;PO 240237_Reporteros1-4_all;2024-09-18;2028-07-01;User;14670;5;"Reporteros 1; Reporteros 2 ; Reporteros 3; Reporteros 4";139
Belmont-Redwood Shores School District;59872;Active PO;BelmontRedwoodShores_Reporteros1_adoption;2024-08-29;2028-08-04;User;1140;3;Reporteros 1;394
Belmont-Redwood Shores School District;59872;Expired PO;BELMONTREDWOODSHORES_French;2023-09-27;2024-06-14;User;200;2;Reporters francophones 1;92
Belmont-Redwood Shores School District;59872;Expired PO;KSO4355000002106525_Reporteros1_Student12MO_BR;2023-08-11;2024-06-14;User;1060;3;Reporteros 1;272
Belmont-Redwood Shores School District;59872;Expired PO;KSO4355000002106525_Reporteros1_Teacher3YR_BR;2023-08-11;2024-06-14;User;25;2;Reporteros 1;9
Belmont-Redwood Shores School District;59872;Expired PO;PO # 240614 (KSO4355000002107504)_Nesbit_School;2023-11-27;2024-06-14;User;;;;0
Dearborn Public School District;73514;Active PO;DearbornPilot_Reporteros;2024-11-08;2025-06-28;User;755;7;"Reporteros 1; Reporteros 2 ; Reporteros 3; Reporteros 4";500
Dearborn Public School District;73514;Active PO;Dearborn_Pilot_UnGol;2025-03-07;2025-06-28;User;105;2;Un gol fantástico;20
Dearborn Public School District;73514;Active PO;Dearborn_Pilot_MiAno;2025-03-07;2025-06-28;User;57;2;Mi año de intercambio;49
Lakeville Area Public School District 194;71068;Active PO;PO#P250024_LakevilleAreaSchools_Reporteros1-2;;2025-09-29;User;;;;0
Lakeville Area Public School District 194;71068;Active PO;LakevilleAreaSchools_ComplimentaryTeacher_Rep2-3;2025-01-30;2025-08-17;User;13;2;"Reporteros 2 ; Reporteros 3";12
Colorado Springs School District 11;70669;Active PO;PO SD11-C2023-0075_Klasse_all;2024-08-19;2025-09-22;User;2000;3;"Klasse! A1; Klasse! A1 - The KWL Hub Textbook for Students ; Klasse! A1 - The KWL Hub Workbook for Students ; Klasse! A2; Klasse! A2 - The KWL Hub Textbook for Students ; Klasse! A2 - The KWL Hub Workbook for Students ; Klasse! B1; Klasse! B1 - The KWL Hub Textbook for Students ; Klasse! B1 - The KWL Hub Workbook for Students";146
Lafayette Parish School District;68712;Active PO;PO#24008193_LafayetteParish_ReporterosSeries;;2025-09-09;User;;;;0
Lafayette Parish School District;68712;Active PO;PO#24008193_LafayetteParish_Rep.FrancophonesSeries;;2025-09-09;User;;;;0
Lafayette Parish School District;68712;Active PO;PO#24008193_LafayetteParish_SpanishReadersSeries;;2025-09-09;User;;;;0
Lafayette Parish School District;68712;Active PO;PO#24008193_LafayetteParish_FrenchReadersSeries;;2025-09-09;User;;;;0
Medford Area Public School District;69166;Active PO;Pilot_SO-28204_MedfordSD_ReporterosSeries2024-2025;2024-08-02;2025-09-01;User;310;2;"Reporteros 1; Reporteros 2";80
Medford Area Public School District;69166;Active PO;MedfordSD_Reporteros3-4_ComplimentaryTeacher;2024-11-25;2025-06-12;User;17;2;"Reporteros 3; Reporteros 4";16
Medford Area Public School District;69166;Active PO;PO4002400298_MedfordSD_ReporterosSeries_7yr_adopt;2025-07-06;2032-07-17;User;1586;1;"Reporteros 1; Reporteros 2 ; Reporteros 3; Reporteros 4";13
Medford Area Public School District;69166;Active PO;MedfordSD_Pilot_AdditionalMaterials_Reporteros4;2025-02-24;2025-09-01;User;23;1;Reporteros 4;13
Sedro Woolley School District 101;68756;Active PO;KSO4355000002108257_Defifrancophone1;2024-08-27;2025-09-30;User;40;2;Défi francophone 1;15
Portland Public Schools;73516;Active PO;SO-48764_PortlandPS_MI_ReportersFrancophones;2024-11-08;2025-12-12;User;33;2;"Reporters francophones 1; Reporters francophones 2";25
Portland Public Schools;73516;Active PO;O-48764_PortlandPS_MI_Reporteros;2024-11-08;2025-12-12;User;195;2;"Reporteros 1; Reporteros 2 ; Reporteros 3";167
Knoxville CUSD 202;68281;Active PO;SO-27946_KnoxvilleHS_PortfolioDeutschNeu1;2024-07-12;2025-06-08;User;75;2;"Portfolio Deutsch Neu, Level 1 - Teacher's Manual; Portfolio Deutsch Neu, Level 1 - Textbook; Portfolio Deutsch Neu, Level 1 - Workbook";27
Brandywine Heights Area School District ;72470;Active PO;ZQ001309_BrandywineHeights_PortfolioDeutschNeu;2024-09-30;2025-11-03;User;30;2;"Portfolio Deutsch Neu, Level 1 - Teacher's Manual; Portfolio Deutsch Neu, Level 1 - Textbook; Portfolio Deutsch Neu, Level 1 - Workbook; Portfolio Deutsch Neu, Level 2 - Teacher’s Manual; Portfolio Deutsch Neu, Level 2 - Textbook; Portfolio Deutsch Neu, Level 2 - Workbook";13
San Diego Unified School District;72807;Active PO;PO0000437538_Reporteros1;2024-10-11;2025-11-14;User;45;2;Reporteros 1;22
Jackson County School District;67111;Active PO;PO_ 76032_Mapas;2024-06-10;2027-07-19;User;300;3;"Mapas 1; Mapas 2";6
Jackson County School District;67111;Active PO;PO_ 76032__Reporteros;2024-06-10;2027-07-19;User;4900;6;"Reporteros 1; Reporteros 2 ; Reporteros 3; Reporteros 4";500
Jackson County School District;67111;Active PO;PO_ 76032_Reporters_Francophones;2024-06-10;2027-07-19;User;833;3;"Reporters francophones 3; Reporters francophones 1; Reporters francophones 2";92
Kern High School District;72089;Active PO;KSO4355000002108186_RidgeviewHS_Rep1-2_Clever;2024-09-16;2025-10-20;User;1190;2;"Reporteros 1; Reporteros 2";333
Eau Claire Area School District;72056;Active PO;PO#ZQ002936_EauClaireSDWI_KlasseB1;;2025-10-22;User;;;;0
Divine Savior Academy;71173;Active PO;PO_PF4856_reportersfrancophones1;2024-08-27;2025-09-30;User;30;2;Reporters francophones 1;27
Divine Savior Academy;71173;Active PO;PO_PF4856_reportersfrancophones2;2024-08-27;2025-09-30;User;20;2;Reporters francophones 2;19
Divine Savior Academy;71173;Active PO;PO_PF4856_reportersfrancophones3;2024-08-27;2025-09-30;User;30;2;Reporters francophones 3;29
Divine Savior Academy;71173;Active PO;PO_PF4856_reportersfrancophonesALL;2024-09-09;2025-09-05;User;75;2;"Reporters francophones 3; Reporters francophones 1; Reporters francophones 2";12
Divine Savior Academy;71173;Expired PO;Divine Savior Academy_DEMO;2024-08-26;2024-12-03;User;3;1;"Reporters francophones 3; Reporters francophones 1; Reporters francophones 2";3
Poplar Bluff School District R1;70905;Active PO;24-0000-16458_PoplarBluffSD_ReporterosSeries;2024-08-23;2025-09-26;User;1760;2;"Reporteros 1; Reporteros 2 ; Reporteros 3";217
Hesperia Unified School District;69253;Active PO;Hesperia_PO243058_PO250644_Mapas1-2;2024-08-05;2025-09-08;User;9000;4;"Mapas 1; Mapas 2";500
Rowland Unified School District;63286;Active PO;PO25-01002_Reportersfrancophones1-3_24hParis;2024-08-16;2025-09-19;User;500;3;"Reporters francophones 3; 24 heures à Paris; Reporters francophones 1; Reporters francophones 2";197
Rowland Unified School District;63286;Active PO;PO25-01003_Reportersfrancophones1-3;2024-08-16;2025-09-19;User;765;2;"Reporters francophones 3; Reporters francophones 1; Reporters francophones 2";32
Rowland Unified School District;63286;Active PO;PO 25-01550_Reportersfrancophones1_students;2024-09-13;2025-10-17;User;300;1;Reporters francophones 1;3
Rowland Unified School District;63286;Active PO;PO 25-01550_Reportersfrancophones3_teachers;2024-09-13;2027-09-17;User;10;1;Reporters francophones 3;3
Rowland Unified School District;63286;Active PO;PO 25-01553_Reportersfrancophones1_students;2024-09-13;2025-10-17;User;150;1;Reporters francophones 1;3
Rowland Unified School District;63286;Expired PO;Rowland Unified School District (CA) DEMO;2024-03-29;2024-07-06;User;5;1;"Reporters francophones 1; Reporters francophones 2; Reporters francophones 3 - Sample unit";2
Rowland Unified School District;63286;Expired PO;RowlandUSD_PILOT_ReportersFrancophones1-2;2023-12-27;2024-08-19;User;165;3;"Reporters francophones 1; Reporters francophones 2";64
South-Western City School District;68783;Active PO;PO#2500700_South-WestCSD_ReporterosSeries;;2031-09-01;User;;;;0
South-Western City School District;68783;Active PO;PO#2500700_South-WestCSD_ReporterosReaders;;2031-09-01;User;;;;0
Milford Area Public Schools;61851;Active PO;PO105255_MilfordHS2024-2025_Reporteros2-3;2024-08-12;2025-08-12;User;21;2;"Reporteros 2 ; Reporteros 3";4
Milford Area Public Schools;61851;Active PO;PO105255_MilfordHS2024-2025_ReportersFrancophones1;2024-08-12;2025-08-12;User;25;2;Reporters francophones 1;11
Milford Area Public Schools;61851;Active PO;PO_2002500077__reporteros3;2024-08-27;2025-09-30;User;4;1;Reporteros 3;2
Milford Area Public Schools;61851;Active PO;MilfordHS_Reporteros1_Teacher-Only-Access2024-2025;2024-11-13;2025-12-17;User;5;2;Reporteros 1;4
Milford Area Public Schools;61851;Expired PO;MilfordHS_Reporteros1_2;2023-10-04;2024-11-06;User;100;2;"Reporteros 1; Reporteros 2 ; Reporteros 3";52
Ogden City School District;68387;Active PO;KSO4355000002108430_Reporteros1-4;2024-07-30;2025-09-02;User;7754;6;"Reporteros 1; Reporteros 2 ; Reporteros 3; Reporteros 4";454
Ogden City School District;68387;Active PO;KSO4355000002108430_Readers;2024-07-30;2025-09-02;User;1885;6;"Todo para todos; Un gol fantástico";66
Ogden City School District;68387;Active PO;KSO4355000002108430_Mapas3-4;2024-07-30;2025-09-02;User;250;3;"Mapas 3; Mapas 4";38
Chesapeake School District;61394;Active PO;KSO4355000002106512_Port_Deu_1_2_3_4;2023-09-08;2028-06-30;User;650;12;"Portfolio Deutsch Neu, Level 1 - Teacher's Manual; Portfolio Deutsch Neu, Level 1 - Textbook; Portfolio Deutsch Neu, Level 1 - Workbook; Portfolio Deutsch Neu, Level 2 - Teacher’s Manual; Portfolio Deutsch Neu, Level 2 - Textbook; Portfolio Deutsch Neu, Level 2 - Workbook; Portfolio Deutsch Neu, Level 3/4 - Teacher's Manual; Portfolio Deutsch Neu, Level 3/4 - Textbook; Portfolio Deutsch Neu, Level 3/4 - Workbook";255
Liberty Union High School District;63555;Active PO;PO2500200_LibertyUnionHSD_HeritageHS_RF1-3_readers;2024-07-22;2031-06-30;User;455;2;"Reporters francophones 3; 24 heures à la Réunion; 24 heures à Paris; 24 heures en Bretagne; Reporters francophones 1; Reporters francophones 2";9
Liberty Union High School District;63555;Active PO;PO2500199_LibertyUnionHSD_FreedomS_RF1-3_readers;2024-07-22;2031-06-30;User;410;2;"Reporters francophones 3; 24 heures à la Réunion; 24 heures à Paris; 24 heures en Bretagne; Reporters francophones 1; Reporters francophones 2";9
Liberty Union High School District;63555;Active PO;PO2500198_LibertyUnionHSD_LibertyHS_RF1-3_readers;2024-07-22;2031-06-30;User;605;2;"Reporters francophones 3; 24 heures à la Réunion; 24 heures à Paris; 24 heures en Bretagne; Reporters francophones 1; Reporters francophones 2";9
Liberty Union High School District;63555;Expired PO;LibertyUnionHSDPilot_Reporteros2;2024-02-02;2024-07-22;User;185;1;Reporteros 2;8
Liberty Union High School District;63555;Expired PO;LibertyUnionHSDpilot_Reporteros3;2024-02-02;2024-07-22;User;170;2;Reporteros 3;8
Liberty Union High School District;63555;Expired PO;LibertyUnionHSDPilot_Reportersfrancophones;2024-02-02;2024-07-22;User;180;2;"Reporters francophones 1; Reporters francophones 2";8
Clarke County School District;63416;Active PO;PO_ 25003413_ClarkeCentralHS_RF_3yr_teacher;2024-09-24;2027-09-28;User;5;2;Reporters francophones 3;4
Clarke County School District;63416;Active PO;PO_25005664_CoileMS_Reporteros1;2024-12-13;2025-06-30;User;30;2;Reporteros 1;5
Clarke County School District;63416;Active PO;PO_25005661_ClarkeMS_Reportersfrancophones1;2024-12-13;2025-06-30;User;64;2;Reporters francophones 1;53
Clarke County School District;63416;Active PO;PO_25005663_HilsmanMS_Reporteros1;2024-12-13;2025-06-30;User;72;2;Reporteros 1;5
Clarke County School District;63416;Active PO;PO_25005661_ClarkeMS_Reporteros_1;2024-12-13;2025-06-30;User;103;3;Reporteros 1;114
Clarke County School District;63416;Active PO;PO_25005662_Burney-Harris-LyonsMS_Reporters_Francophones_1;2024-12-13;2025-06-30;User;68;2;Reporters francophones 1;42
Clarke County School District;63416;Active PO;PO_25005662_Burney-Harris-LyonsMS_Reporteros_1;2024-12-13;2025-06-30;User;58;2;Reporteros 1;5
Clarke County School District;63416;Active PO;PO_25005665_Cedar_Shoals_HS_RF_1_3;2024-12-13;2025-06-30;User;93;2;"Reporters francophones 3; Reporters francophones 1; Reporters francophones 2";45
Clarke County School District;63416;Active PO;PO_25005665_Cedar_Shoals_HS_Reporteros_1_3;2024-12-13;2025-06-30;User;381;2;"Reporteros 1; Reporteros 2 ; Reporteros 3";201
Clarke County School District;63416;Active PO;PO_25005666_Clarke_Central_HS_Rep_Francophones_1_3;2024-12-13;2025-06-30;User;280;2;"Reporters francophones 3; Reporters francophones 1; Reporters francophones 2";29
Clarke County School District;63416;Active PO;PO_25005666_Clarke_Central_HS_Reporteros_1_3;2024-12-13;2025-06-30;User;433;2;"Reporteros 1; Reporteros 2 ; Reporteros 3";245
Clarke County School District;63416;Active PO;ClarkeCounty_CCSDLearningCenter_Reporteros1;2025-04-23;2025-06-30;User;7;2;Reporteros 1;6
Clarke County School District;63416;Expired PO;ClarkeCountySchoolDistrict_Pilot_REPORTEROS;2024-01-08;2024-12-31;User;2000;7;"Reporteros 1; Reporteros 2 ; Reporteros 3";364
Clarke County School District;63416;Expired PO;ClarkeCountySchoolDistrict_Pilot_RF;2024-01-08;2024-12-31;User;1050;5;"Reporters francophones 1; Reporters francophones 2";125
Clarke County School District;63416;Expired PO;clarkeCounty_ PO_24006476_spanish_readers;2024-02-15;2024-12-31;User;127;3;"Me despierto y bailo; Todo para todos; Un gol fantástico";45
Clarke County School District;63416;Expired PO;clarkeCounty_ PO_24006477_spanish_readers;2024-02-15;2024-12-31;User;127;2;"Me despierto y bailo; Todo para todos; Un gol fantástico";5
Clarke County School District;63416;Expired PO;clarkeCounty_ PO_24006480_spanish_readers;2024-02-15;2024-12-31;User;32;2;"Me despierto y bailo; Todo para todos; Un gol fantástico";5
Clarke County School District;63416;Expired PO;clarkeCounty_ PO_24006481_spanish_readers;2024-02-15;2024-12-31;User;40;1;"Me despierto y bailo; Todo para todos; Un gol fantástico";3
Clarke County School District;63416;Expired PO;clarkeCounty_ PO_25000490_reportersfrancophones3;2024-07-19;2024-12-31;User;100;2;Reporters francophones 3;5
Clarke County School District;63416;Expired PO;PO_ 25003413_ClarkeCentralHS_Reportersfranc3_6mo;2024-09-24;2025-04-11;User;70;2;Reporters francophones 3;4
College Place School Dist 250;70963;Expired PO;CollegePlace_Pilot_Reporteros1-3;2024-08-22;2025-01-10;User;165;2;"Reporteros 1; Reporteros 2 ; Reporteros 3";57
Bloomfield Hills School Dist;60961;Active PO;PO_25000243_Reporteros_1_2;2024-08-14;2025-09-17;User;22;2;"Reporteros 1; Reporteros 2";22
Bloomfield Hills School Dist;60961;Active PO;PO_P2500019_Reporteros_1_2;2024-08-15;2025-09-18;User;22;1;"Reporteros 1; Reporteros 2";12
Bloomfield Hills School Dist;60961;Expired PO;Bloomfield_Pilot_Reporteros3-4;2024-05-14;2024-09-30;User;25;2;"Reporteros 3; Reporteros 4 - Sample unit";21
Bloomfield Hills School Dist;60961;Expired PO;SO-108 Reporteros 1 and 2;2023-08-23;2024-09-25;User;1125;2;"Reporteros 1; Reporteros 2";443
Oak Grove School District 68;69616;Active PO;PO107458_OakGrove_ReportersFrancophonesSeries;2024-08-23;2025-09-26;User;120;2;"Reporters francophones 1; Reporters francophones 1A; Reporters francophones 1B; Reporters francophones 2";100
Eastport-South Manor Ctrl School District;61907;Active PO;EASTPORTSOUTH_Reportersfrancophones;2023-09-27;2026-09-26;User;500;2;"Reporters francophones 1; Reporters francophones 2";68
Eastport-South Manor Ctrl School District;61907;Active PO;PO#110472_EASTPORTSOUTH_Reporteros_plus_Readers;;2025-10-22;User;;;;0
Eastport-South Manor Ctrl School District;61907;Active PO;PO#110472_EASTPORTSOUTH_ReportersFrancophones;;2025-10-22;User;;;;0
Eastport-South Manor Ctrl School District;61907;Expired PO;EASTPORTSOUTH_Reporteros_plus_Readers;2023-09-29;2024-11-01;User;1000;2;"Reporteros 1; Un gol fantástico";473
Waukee Community School District;71246;Active PO;PO#2411565_WaukeeCSD_Reporteros1-3;;2030-10-02;User;;;;0
Waukee Community School District;71246;Active PO;PO2511073_WaukeeCSD_Reporteros4;2025-04-21;2030-10-02;User;2017;1;Reporteros 4;14
Salinas Union High School District;61951;Active PO;SalinasUHSD_adoption2024-32_Reporteros1-3;2024-07-29;2032-07-30;User;4300;9;"Reporteros 1; Reporteros 2 ; Reporteros 3";500
Salinas Union High School District;61951;Active PO;PO25-02359_SalinasHS_Reporteros1;2024-11-25;2025-12-29;User;45;2;Reporteros 1;3
Salinas Union High School District;61951;Active PO;PO25-02359_SalinasHS_Reporteros2;2024-11-25;2025-12-29;User;45;2;Reporteros 2;3
Salinas Union High School District;61951;Expired PO;SalinasPilot_Reporteros1_2_3;2023-10-02;2024-07-12;User;20000;7;"Reporteros 1; Reporteros 2 ; Reporteros 3";377
Napa Valley Unified School District;61428;Active PO;PO25-00653_Reporteros1-3;2024-09-09;2025-10-13;User;675;2;"Reporteros 1; Reporteros 2 ; Reporteros 3";166
Napa Valley Unified School District;61428;Expired PO;SO-5990_Reporteros1_2_3;2023-09-08;2024-10-11;User;230;2;"Reporteros 1; Reporteros 2 ; Reporteros 3";97
Mariposa Co Unified Sch Dist;61430;Active PO;KSO4355000002107093;2023-09-23;2026-09-22;User;150;1;"Reporters francophones 1; Reporters francophones 2";6
Mariposa Co Unified Sch Dist;61430;Expired PO;PO240269_Reportersfrancophones1-2;2023-09-08;2024-10-11;User;310;2;"Reporters francophones 1; Reporters francophones 2";29
Montabella Community School District;61008;Expired PO;230i510-1150-AK_Montabella_Reporteros1-2;2023-08-24;2024-09-26;User;407;2;"Reporteros 1; Reporteros 2";134
Sioux City Community School District;68936;Active PO;Pilot2024-2024_SO-28461_SiouxCityCSD_IA_Reporteros;2024-07-29;2025-12-07;User;1078;4;"En busca de la verdad; Me despierto y bailo; Mi año de intercambio; Reporteros 1; Reporteros 2 ; Todo para todos; Un gol fantástico";500
Sioux City Community School District;68936;Active PO;Pilot2024-2025_SiouxCityCSD_Reporterso3-4;2025-03-11;2025-12-07;User;130;2;"Reporteros 3; Reporteros 4";32
Durham Academy;60706;Active PO;CT_DurhamAcademy_readers_072524;2024-07-29;2025-09-01;User;20;2;"Me despierto y bailo; Todo para todos; Un gol fantástico";10
Durham Academy;60706;Active PO;POZQ002865_Reporteros1-2;2024-09-04;2025-10-08;User;200;2;"Reporteros 1; Reporteros 2";112
Durham Academy;60706;Expired PO;5380245000011616060_Reporteros1_2_3;2023-08-18;2024-09-20;User;290;2;"Reporteros 1; Reporteros 2";117
Durham Academy;60706;Expired PO;5380245000011616060_Reportersfrancophones1_2;2023-08-18;2024-09-20;User;60;2;"Reporters francophones 1; Reporters francophones 2";7
Aurora Public School District;68452;Active PO;AuroraPublicSchoolDistrict_Pilot_RF1-3;2024-07-16;2025-06-07;User;600;3;"Reporters francophones 3; Reporters francophones 1; Reporters francophones 2";152
Aurora Public School District;68452;Active PO;PO A248562_Reportersfrancophones1_adoption;2025-02-10;2028-07-01;User;610;4;Reporters francophones 1;8
Aurora Public School District;68452;Active PO;PO A248562_Reportersfrancophones2_adoption;2025-02-10;2028-07-01;User;165;4;Reporters francophones 2;8
Aurora Public School District;68452;Active PO;POA248562_Reportersfrancophones3_adoption;2025-02-10;2028-07-01;User;85;4;Reporters francophones 3;8
East Providence City School District;66023;Active PO;PO_241975_Reporteros;2024-08-15;2025-09-18;User;4412;4;"Reporteros 1; Reporteros 2 ; Reporteros 3; Reporteros 4";500
East Providence City School District;66023;Active PO;PO_241975_ReportersFrancophones;2024-08-15;2025-09-18;User;970;4;"Reporters francophones 3; Reporters francophones 1; Reporters francophones 2";132
East Providence City School District;66023;Expired PO;EASTPROVIDENCE_PILOT_MEDESPIERTOYBAILO_LV3TEACHERS;2024-04-26;2024-08-04;User;175;4;Me despierto y bailo;15
East Providence City School District;66023;Expired PO;EASTPROVIDENCE_PILOT_REPORTERFRANCOPHONES1;2024-04-24;2024-08-04;User;162;2;Reporters francophones 1;54
East Providence City School District;66023;Expired PO;EASTPROVIDENCE_PILOT_REPORTEROS1-3;2024-04-24;2024-08-04;User;1380;4;"Reporteros 1; Reporteros 2 ; Reporteros 3";194
East Providence City School District;66023;Expired PO;EASTPROVIDENCE_PILOT_TODOPARATODOS_LV2TEACHERS;2024-04-26;2024-08-04;User;432;4;Todo para todos;17
East Providence City School District;66023;Expired PO;EASTPROVIDENCE_PILOT_UNGOLFANTASTICO_LV1TEACHERS;2024-04-26;2024-08-04;User;740;4;Un gol fantástico;16
Wayzata School District 284;62963;Active PO;PO7050250013_WayzataSD_Reporteros;2024-08-04;2025-08-20;User;750;2;"Reporteros 1; Reporteros 2 ; Reporteros 3; Reporteros 4";432
Wayzata School District 284;62963;Expired PO;SO-16433-Wayzata-Pilot-Reporteros;2023-12-01;2024-08-06;User;645;2;"Reporteros 1; Reporteros 2 ; Reporteros 3";131
North Kitsap School District 400;60965;Active PO;KSO4355000002106727 Reporters francophones 1, 2;2023-08-25;2025-06-30;User;910;3;"Reporters francophones 1; Reporters francophones 2";155
North Kitsap School District 400;60965;Active PO;PO#1942425002_NorthKitsap_ReportersFrancophones3;;2025-09-07;User;;;;0
Redondo Beach Unified School District;60563;Active PO;PO1-240000000005_Mapas2_students;2023-08-14;2031-06-20;User;1150;4;Mapas 2;7
Redondo Beach Unified School District;60563;Active PO;PO1-240000000005_Mapas3_students;2023-08-14;2031-06-20;User;1150;2;Mapas 3;4
Redondo Beach Unified School District;60563;Active PO;PO1-240000000005_Mapas4_students;2023-08-14;2031-06-20;User;1150;2;Mapas 4;5
Elmbrook School District;61471;Active PO;PO#8210250014_ElmbrookWI_ReportersFrancophones1-2;;2031-09-01;User;;;;0
Elmbrook School District;61471;Active PO;PO#8210250014_ElmbrookWI_DefiFrancophone2;;2031-09-01;User;;;;0
Elmbrook School District;61471;Expired PO;ElmbrookPilot_Reportersfrancophones1-2;2023-09-14;2024-10-17;User;345;5;"Reporters francophones 1; Reporters francophones 2";151
Elmbrook School District;61471;Expired PO;ElmbrookSchoolsWI_Pilot_German_KlasseSeries;2024-10-10;2025-02-10;User;240;5;Klasse! A1;123
Elmbrook School District;61471;Expired PO;PO # SO-21947-ReporterosFrancophones(all);2024-01-29;2025-03-03;User;;;;0
School City Of Mishawaka;60585;Active PO;PO # 202500_Reporteros(All);;2025-10-03;User;;;;0
School City Of Mishawaka;60585;Active PO;PO # 202500_ReportersFrancophones(All);;2025-10-03;User;;;;0
School City Of Mishawaka;60585;Expired PO;PO 1946413 Reporteros 1;2023-08-16;2024-09-18;User;320;3;Reporteros 1;21
School City Of Mishawaka;60585;Expired PO;PO 1946413 Reporteros 2;2023-08-16;2024-09-18;User;145;2;Reporteros 2;13
School City Of Mishawaka;60585;Expired PO;PO 1946413 Reporters Francophones 1;2023-08-16;2024-09-18;User;150;2;Reporters francophones 1;31
School City Of Mishawaka;60585;Expired PO;PO 1946413 Reporters Francophones 2;2023-08-16;2024-09-18;User;150;2;Reporters francophones 2;39
Donegal School District;60708;Active PO;KSO4355000002106716 All PD Neu 1,2,3/4 all user;;2030-08-30;User;;;;0
Pueblo City School District 60;59857;Active PO;PuebloCitySchoolDistrict 60_adoption_PDN1-4_all;2024-09-04;2028-08-05;User;2000;2;"Portfolio Deutsch Neu, Level 1 - Teacher's Manual; Portfolio Deutsch Neu, Level 1 - Textbook; Portfolio Deutsch Neu, Level 1 - Workbook; Portfolio Deutsch Neu, Level 2 - Teacher’s Manual; Portfolio Deutsch Neu, Level 2 - Textbook; Portfolio Deutsch Neu, Level 2 - Workbook; Portfolio Deutsch Neu, Level 3/4 - Teacher's Manual; Portfolio Deutsch Neu, Level 3/4 - Textbook; Portfolio Deutsch Neu, Level 3/4 - Workbook";74
Pueblo City School District 60;59857;Expired PO;KSO3001314_PDNEU1Text_12MO_Students;2023-08-09;2024-09-05;User;500;2;"Portfolio Deutsch Neu, Level 1 - Teacher's Manual; Portfolio Deutsch Neu, Level 1 - Textbook";39
Pueblo City School District 60;59857;Expired PO;KSO3001314_PDNEU1Work_12MO_Students;2023-08-09;2024-08-08;User;480;2;Portfolio Deutsch Neu, Level 1 - Workbook;54
Pueblo City School District 60;59857;Expired PO;KSO3001314_PDNEU2Text_12MO_Students;2023-08-09;2024-08-08;User;480;2;"Portfolio Deutsch Neu, Level 2 - Teacher’s Manual; Portfolio Deutsch Neu, Level 2 - Textbook";34
Pueblo City School District 60;59857;Expired PO;KSO3001314_PDNEU2Work_12MO_Students;2023-08-09;2024-08-08;User;480;2;Portfolio Deutsch Neu, Level 2 - Workbook;34
Pueblo City School District 60;59857;Expired PO;KSO3001314_PDNEU3/4Text_12MO_Students;2023-08-09;2024-08-08;User;;;;0
Pueblo City School District 60;59857;Expired PO;KSO3001314_PDNEU3/4Work_12MO_Students;2023-08-09;2024-08-08;User;;;;0
Kirkwood School District;59877;Active PO;KSO3001532_Repfrancophones_Students12MO_Kirkwood;2023-08-11;2027-06-30;User;2033;4;Reporters francophones 1;95
Kirkwood School District;59877;Active PO;KSO3001532_Repfrancophones2_Students12MO_Kirkwood;2023-08-11;2028-07-15;User;115;1;Reporters francophones 2;10
Kirkwood School District;59877;Active PO;KSO3001532_Repfrancophones2_Teacher3YR;2023-08-11;2027-06-30;User;2000;2;Reporters francophones 2;81
Kirkwood School District;59877;Active PO;KSO3001532_Reporteros1_Student12MO_Kirkwood;2023-08-11;2027-06-30;User;2500;4;Reporteros 1;332
Kirkwood School District;59877;Active PO;KSO3001532_Reporteros2_Student12MO_Kirkwood;2023-08-11;2027-06-30;User;2583;2;Reporteros 2;236
Kirkwood School District;59877;Active PO;KSO3001532_Reporteros3_Student12MO_KirkwoodHS;2023-09-25;2027-06-30;User;101;2;Reporteros 3;15
Kirkwood School District;59877;Active PO;PO#02500276 _KirkwoodMO_2024ReporterosSeries;;2027-05-31;User;;;;0
Kirkwood School District;59877;Active PO;PO#02500276 _KirkwoodMO_2024ReportersFrancophonesS;;2027-05-31;User;;;;0
Kirkwood School District;59877;Active PO;PO130337_KirkwoodMO_GenAP;2025-04-28;2026-06-01;User;4;2;Generación AP®;4
Kirkwood School District;59877;Expired PO;KIRKWOODSD_DEMO;2023-02-22;2023-09-22;User;5;1;"Reporteros 1 eText Student Edition; Reporteros 1 eText Teacher Edition - 2023; Reporteros 1 eText Workbook; Reporteros 2 Enriched eText Workbook; Reporteros 2 eText Student Edition; Reporteros 2 eText Teacher Edition; Reporteros 3 eText Student Edition; Reporteros 3 eText Teacher Edition; Reporteros 3 eText Workbook; Reporters francophones 1 Enriched eText Student Edition sample unit; Reporters francophones 1 eText Student Edition; Reporters francophones 1 eText Teacher Edition TO BE DELETED; Reporters francophones 1 eText Workbook; Reporters francophones 2 eText Student Edition; Reporters francophones 2 eText Teacher Edition TO BE DELETED; Reporters francophones 2 eText Workbook";3
Kirkwood School District;59877;Expired PO;KSO3001532_Reporteros1_Teacher3YR_Kirkwood;2023-08-11;2023-08-11;User;20;1;Reporteros 1;10
Alhambra Unified School District;59941;Active PO;AlhambraUSD_Reporteros1-3_all;2024-08-07;2031-08-01;User;45000;4;"Reporteros 1; Reporteros 2 ; Reporteros 3";500
Alhambra Unified School District;59941;Expired PO;PO 230000002776 Reporteros 1 Student;2023-08-03;2024-08-09;User;3868;2;Reporteros 1;165
Alhambra Unified School District;59941;Expired PO;PO 230000002776 Reporteros 1 teacher;2023-08-03;2024-08-09;User;58;3;Reporteros 1;11
Alhambra Unified School District;59941;Expired PO;PO 230000002776 Reporteros 2 student;2023-08-03;2024-08-09;User;8856;2;Reporteros 2;124
Alhambra Unified School District;59941;Expired PO;PO 230000002776 Reporteros 2 teacher;2023-08-03;2024-08-09;User;58;3;Reporteros 2;12
Alhambra Unified School District;59941;Expired PO;PO 230000002776 Reporteros 3 student;2023-08-03;2024-08-09;User;1948;2;Reporteros 3;11
Alhambra Unified School District;59941;Expired PO;PO 230000002776 Reporteros 3 teacher;2023-08-03;2024-08-09;User;58;3;Reporteros 3;10
Alhambra Unified School District;59941;Expired PO;PO 230000002777_Reporteros 2 AND 3;2023-07-31;2024-08-09;User;588;1;"Reporteros 2 ; Reporteros 3";14
Alhambra Unified School District;59941;Expired PO;PO 230000002778 Reporteros 1 Student;2023-08-02;2024-08-09;User;7736;2;Reporteros 1;17
Alhambra Unified School District;59941;Expired PO;PO 230000002778 Reporteros 1 Teacher;2023-08-02;2024-08-09;User;58;2;Reporteros 1;14
Alhambra Unified School District;59941;Expired PO;PO 230000002778 Reporteros 2;2023-08-02;2024-08-09;User;3228;2;Reporteros 2;98
Township High School District 214;60066;Active PO;KS04355000002106595_BGHS_Reporteros1_2_3;2023-08-18;2026-08-17;User;5113;2;"Reporteros 1; Reporteros 2 ; Reporteros 3";500
Township High School District 214;60066;Active PO;KSO4355000002106600_EGHS_Reporteros1_2_3;2023-08-18;2026-08-17;User;2939;2;"Reporteros 1; Reporteros 2 ; Reporteros 3";167
Township High School District 214;60066;Active PO;KS04355000002106597_JHHS_Reporteros1_2_3;2023-08-18;2026-08-17;User;7155;3;"Reporteros 1; Reporteros 2 ; Reporteros 3";273
Township High School District 214;60066;Active PO;KS04355000002106602_PHS_Reporteros1_2_3;2023-08-18;2026-08-17;User;6457;2;"Reporteros 1; Reporteros 2 ; Reporteros 3";500
Township High School District 214;60066;Active PO;KSO4355000002106604_RMHS_Reporteros_1_2_3;2023-08-18;2026-08-17;User;4586;2;"Reporteros 1; Reporteros 2 ; Reporteros 3";500
Township High School District 214;60066;Active PO;KSO4355000002106604_RMHS_Reportersfrancophones_1_2;2023-08-18;2026-08-17;User;30;2;"Reporters francophones 1; Reporters francophones 2";23
Township High School District 214;60066;Active PO;KS04355000002106606_WHS_Reporteros1_2_3;2023-08-18;2026-08-17;User;2307;2;"Reporteros 1; Reporteros 2 ; Reporteros 3";294
Township High School District 214;60066;Active PO;KS04355000002106606_WHS_Reportersfrancophones_1_2;2023-08-18;2026-08-17;User;30;2;"Reporters francophones 1; Reporters francophones 2";11
Township High School District 214;60066;Active PO;KSO4355000002107059_EGHS_Reportersfrancophones1;2023-09-13;2026-09-12;User;30;2;Reporters francophones 1;12
Township High School District 214;60066;Active PO;PO24500036_KSO4355000002106596_BGHS_Reporteros4;2024-06-23;2026-08-17;User;5113;2;Reporteros 4;19
Township High School District 214;60066;Active PO;PO24500037_KSO4355000002106598_JHHS_Reporteros4;2024-06-23;2026-08-17;User;7155;2;Reporteros 4;19
Township High School District 214;60066;Active PO;PO24500038_KSO4355000002106599_EGHS_Reporteros4;2024-06-23;2026-08-17;User;2939;2;Reporteros 4;17
Township High School District 214;60066;Active PO;PO24500039_KSO4355000002106601_PHS_Reporteros4;2024-06-23;2026-08-17;User;6457;2;Reporteros 4;19
Township High School District 214;60066;Active PO;PO24500040_KSO4355000002106603_RMHS_Reporteros4;2024-06-23;2026-08-17;User;4586;2;Reporteros 4;47
Township High School District 214;60066;Active PO;PO24500041_KSO4355000002106605_WHS_Reporteros4;2024-06-23;2026-08-17;User;2307;2;Reporteros 4;16
Township High School District 214;60066;Active PO;Davvero1-2_PO#24500042_24500043_24500044_24500045;;2025-09-11;User;;;;0
Township High School District 214;60066;Active PO;Township214_ReportersFrancophones_Combined2024;2024-08-09;2025-09-13;User;1031;7;"Reporters francophones 3; Reporters francophones 1; Reporters francophones 2";500
Township High School District 214;60066;Expired PO;Demo_Township214_ReportersFrancophones2;2023-11-07;2024-05-24;User;16;2;"Reporters francophones 1; Reporters francophones 2";10
Township High School District 214;60066;Expired PO;StudentTeacher_Orellana;2023-12-14;2025-01-16;User;20;2;"Reporteros 1; Reporteros 2 ; Reporteros 3; Reporters francophones 1; Reporters francophones 2";13
Township High School District 214;60066;Expired PO;TOWNSHIPHSD214_DEMO;2023-02-27;2023-08-27;User;5;1;"Reporteros 1; Reporteros 2 ; Reporteros 3";3
Long Beach Unified School District;61088;Active PO;KSO4355000002106541 Reporteros 1 and 2;2023-08-24;2032-06-26;User;12170;12;"Reporteros 1; Reporteros 1A; Reporteros 1B; Reporteros 2";215
Long Beach Unified School District;61088;Active PO;KSO4355000002106541_Readers;2023-09-26;2032-06-26;User;1350;6;"001-056_nov_kwl_24h_bogota.indd; 24 horas en Barcelona; 24 horas en Buenos Aires; Me despierto y bailo; Un gol fantástico";16
Long Beach Unified School District;61088;Active PO;KSO4355000002106739_Klasse;2024-07-31;2032-06-26;User;5000;2;"Klasse! A1; Klasse! A1 - The KWL Hub Textbook for Students ; Klasse! A1 - The KWL Hub Workbook for Students ; Klasse! A2; Klasse! A2 - The KWL Hub Textbook for Students ; Klasse! A2 - The KWL Hub Workbook for Students ; Klasse! B1; Klasse! B1 - The KWL Hub Textbook for Students ; Klasse! B1 - The KWL Hub Workbook for Students";5
Washington County School District;60879;Active PO;230419-0119-AK;2023-08-21;2026-08-20;User;5000;18;"001-056_nov_kwl_24h_bogota.indd; 24 horas en Barcelona; Reporteros 1; Reporteros 2 ; Reporteros 3; Reporteros 4";500
Ritenour School District;70841;Active PO;PO106522_Ritenour_ReportersFrancophones_1-2;2024-08-23;2025-09-26;User;166;2;"Reporters francophones 1; Reporters francophones 2";53
Ritenour School District;70841;Active PO;PO106522_Ritenour_Reporteros1-4;2024-08-23;2025-09-26;User;485;2;"Reporteros 1; Reporteros 2 ; Reporteros 3; Reporteros 4";263
Oxford Public Schools;71958;Active PO;SO-43168OxfordPublicSchools_Pilot_ReporterosSeries;2024-09-12;2025-07-13;User;503;1;"Reporteros 1; Reporteros 1A";5
Bellflower Unified School District;69250;Active PO;Bellflower_Pilot_Reporteros1-4;2024-08-07;2025-06-06;User;1225;3;"Reporteros 1; Reporteros 2 ; Reporteros 3; Reporteros 4";500
Bellflower Unified School District;69250;Active PO;Bellflower_Pilot_24horas_readers;2024-09-16;2025-06-06;User;510;3;"24 horas en Barcelona; 24 horas en Bogotá; 24 horas en Buenos Aires; 24 horas en Ciudad de México";288
Bellflower Unified School District;69250;Active PO;Bellflower_Pilot_Reporteros_readers;2024-09-16;2025-06-06;User;1225;3;"En busca de la verdad; Me despierto y bailo; Mi año de intercambio; Todo para todos; Un gol fantástico";9
Bellflower Unified School District;69250;Expired PO;Bellflower_Pilot_24heures_readers;2024-09-16;2025-01-11;User;500;3;"24 heures à Bruxelles; 24 heures à la Réunion; 24 heures à Montréal; 24 heures à Paris; 24 heures en Bretagne; 24 heures en Provence";132
Bellflower Unified School District;69250;Expired PO;Bellflower_Pilot_Mapas2-3;2024-08-07;2025-01-11;User;510;3;"Mapas 2; Mapas 3";227
Bellflower Unified School District;69250;Expired PO;Bellflower_Pilot_Reportersfrancophones1-3;2024-08-07;2025-01-11;User;500;3;"Reporters francophones 3; Reporters francophones 1; Reporters francophones 2";305
Murrieta Valley Unified School District SFTP;71823;Active PO;MurrietaValleyUSD_SFTP_Reporteros_all;2024-09-09;2032-07-30;User;26305;7;"Reporteros 1; Reporteros 2 ; Reporteros 3; Reporteros 4";500
Murrieta Valley Unified School District SFTP;71823;Active PO;MurrietaValleyUSD_SFTP_Readers_all;2024-09-26;2025-08-01;User;3665;5;"Me despierto y bailo; Todo para todos; Un gol fantástico";161
Southern Berkshire Regional School District;74274;Active PO;DEMO_Southern_Berkshire_Regional_Comp_Student_;2024-12-17;2026-01-20;User;5;2;"Reporteros 1: The KWL Hub eBook; Reporteros 2: The KWL Hub eBook; Reporteros 3: The KWL Hub eBook; Reporters francophones 1: The KWL Hub eBook; Reporters francophones 2: The KWL Hub eBook; Reporters francophones 3: The KWL Hub eBook";4
Grand Forks School District 1;61273;Active PO;GrandForksPilot;2023-08-31;2026-08-30;User;150;3;"Reporters francophones 1; Reporters francophones 2";105
deleted_do_not_use_Oxford Community School District;67191;Expired PO;SO-28089_OxfordSchoolsMI_MiddleSchool_Reporteros1;2024-06-11;2025-02-02;User;779;1;Reporteros 1;0
deleted_do_not_use_Oxford Community School District;67191;Expired PO;SO-28089_OxfordSchoolsMI_MiddleSchool_Reporteros2;2024-06-11;2025-02-02;User;170;1;Reporteros 2;0
deleted_do_not_use_Oxford Community School District;67191;Expired PO;SO-28090_OxfordSchoolsMI_HighSchool_Reporteros1;2024-06-11;2025-02-02;User;32;1;Reporteros 1;0
deleted_do_not_use_Oxford Community School District;67191;Expired PO;SO-28090_OxfordSchoolsMI_HighSchool_Reporteros2;2024-06-11;2025-02-02;User;245;1;Reporteros 2;0
deleted_do_not_use_Oxford Community School District;67191;Expired PO;SO-28090_OxfordSchoolsMI_HighSchool_Reporteros3;2024-06-11;2025-02-02;User;234;1;Reporteros 3;0
deleted_do_not_use_Oxford Community School District;67191;Expired PO;SO-28090_OxfordSchoolsMI_HighSchool_Reporteros4;2024-06-17;2025-02-02;User;121;1;Reporteros 4;0
Mount Vernon School District 320;70728;Active PO;MountVernon_Pilot_Reporteros1-4;2024-08-19;2025-09-22;User;1000;1;"Reporteros 1; Reporteros 2 ; Reporteros 3; Reporteros 4";0
Mount Vernon School District 320;70728;Active PO;MountVernon_Pilot_Reporteros1-4_additional_08-28;2024-09-03;2025-07-04;User;75;1;"Reporteros 1; Reporteros 2 ; Reporteros 3; Reporteros 4";0
Bellevue School District;59861;Expired PO;Bellevue-Pilot-ReportersFrancophones;2023-11-30;2025-01-02;User;1170;8;"Reporters francophones 1; Reporters francophones 2";147
20311-Sacramento City Unified School District;61480;Expired PO;Pilot Agreement 11-14-23 Digital PDN;2023-11-16;2024-09-06;User;225;2;"Portfolio Deutsch Neu, Level 1 - Teacher's Manual; Portfolio Deutsch Neu, Level 1 - Textbook; Portfolio Deutsch Neu, Level 1 - Workbook; Portfolio Deutsch Neu, Level 2 - Teacher’s Manual; Portfolio Deutsch Neu, Level 2 - Textbook; Portfolio Deutsch Neu, Level 2 - Workbook; Portfolio Deutsch Neu, Level 3/4 - Teacher's Manual; Portfolio Deutsch Neu, Level 3/4 - Textbook; Portfolio Deutsch Neu, Level 3/4 - Workbook";0
20311-Sacramento City Unified School District;61480;Expired PO;Pilot Agreement 8-28-23 Digital Reporteros all;2023-09-08;2024-09-06;User;4000;12;"Reporteros 1; Reporteros 2 ; Reporteros 3";0
#DEMO Klett Learning Platform (Dev) Sandbox;55204;Active PO;My_School_License;2024-06-17;2025-11-29;User;309;3;"24 heures à Paris; Mapas 1; Mapas 2; Mapas 3; Mapas 4; Reporteros 1; Reporteros 2 ; Reporteros 3; Reporters francophones 1; Reporters francophones 2";17
#DEMO Klett Learning Platform (Dev) Sandbox;55204;Expired PO;CleverDistrictPO;;2024-07-05;User;;;;0
#DEMO Klett Learning Platform (Dev) Sandbox;55204;Expired PO;Demo Clever PO;2023-03-07;2023-09-28;User;1000;1;"Mapas 1 Enriched eText Student Edition; Mapas 1 Enriched eText Teacher Edition; Mapas 2 Enriched eText Student Edition; Mapas 2 eText Teacher Edition; Mapas 3 Enriched eText Student Edition; Mapas 3 eText Teacher Edition; Mapas 4 Enriched eText Student Edition; Mapas 4 eText Teacher Edition; Portfolio Deutsch Neu, Level 1 Enriched eText Student Edition; Portfolio Deutsch Neu, Level 1 Enriched eText Teacher Edition; Portfolio Deutsch Neu, Level 2 Enriched eText Student Edition; Portfolio Deutsch Neu, Level 2 Enriched eText Teacher Edition; Portfolio Deutsch Neu, Level 3/4 - Grammar Summary; Portfolio Deutsch Neu, Level 3/4 Enriched eText Student Edition; Portfolio Deutsch Neu, Level 3/4 Enriched eText Teacher Edition; Reporteros 1 eText Student Edition; Reporteros 1 eText Teacher Edition - 2023; Reporteros 1 eText Workbook; Reporteros 2 Enriched eText Workbook; Reporteros 2 eText Student Edition; Reporteros 2 eText Teacher Edition; Reporteros 3 eText Student Edition; Reporteros 3 eText Teacher Edition; Reporteros 3 eText Workbook; Reporters francophones 1 Enriched eText Student Edition sample unit; Reporters francophones 1 Enriched eText Workbook sample unit; Reporters francophones 1 eText Student Edition; Reporters francophones 1 eText Teacher Edition sample unit; Reporters francophones 1 eText Teacher Edition TO BE DELETED; Reporters francophones 1 eText Workbook; Reporters francophones 2 eText Student Edition; Reporters francophones 2 eText Teacher Edition TO BE DELETED; Reporters francophones 2 eText Workbook";2
KWL School District;69112;Expired PO;DEMO_TutorialVideos_InternalCW;2024-08-01;2024-11-08;User;50;2;"Reporters francophones 3; Mapas 1; Mapas 2; Mapas 3; Mapas 4; Reporteros 1; Reporteros 2 ; Reporteros 3; Reporteros 4; Reporters francophones 1; Reporters francophones 2";2
Thompson School District R2-J;61440;Active PO;THOMPSONSCHOOLDISTRICT_Mapas3;2023-09-21;2025-06-06;User;400;3;Mapas 3;53
Thompson School District R2-J;61440;Expired PO;THOMPSONSCHOOLDISTRICT_PILOT_Reporteros;2023-09-21;2024-06-13;User;3880;10;"Reporteros 1; Reporteros 2";500
Thompson School District R2-J;61440;Expired PO;THOMPSONSCHOOLDISTRICT_PILOT_Reportersfrancophones;2023-09-21;2024-06-13;User;1000;5;"Reporters francophones 1; Reporters francophones 2";381
Prince William County Public Schools;67897;Active PO;Demo_PWCS_2;2024-07-11;2025-08-14;User;50;1;"Reporteros 1; Reporteros 2 ; Reporteros 3";1
Prince William County Public Schools;67897;Expired PO;Prince William County Public Schools (VA) (DEMO);2024-02-12;2024-08-29;User;3;1;"Mapas 1; Mapas 2; Mapas 3; Mapas 4; Reporteros 1; Reporteros 1A; Reporteros 1B; Reporteros 2 ; Reporteros 3";2
Placentia Yorba Linda USD;61674;Expired PO;PO88822_Reporteros1_2_3;2023-09-20;2024-06-14;User;4565;10;"Mapas 4; Reporteros 1; Reporteros 2 ; Reporteros 3";500
Auburn School District 408;65517;Expired PO;AUBURN_SCHOOL_DISTRICT_(WA)_PILOT_REPORTEROS1-3;2024-03-27;2024-06-14;User;1300;4;"Reporteros 1; Reporteros 2 ; Reporteros 3";500
ClassLink Test District;54846;Active PO;ClasslinkPO;2023-03-07;2025-09-25;User;1000;5;"Mapas 1 Enriched eText Student Edition; Mapas 1 Enriched eText Teacher Edition; Mapas 2 Enriched eText Student Edition; Mapas 2 eText Teacher Edition; Mapas 3 Enriched eText Student Edition; Mapas 3 eText Teacher Edition; Mapas 4 Enriched eText Student Edition; Mapas 4 eText Teacher Edition; Reporteros 1; Reporteros 1 eText Student Edition; Reporteros 1 eText Teacher Edition - 2023; Reporteros 1 eText Workbook; Reporteros 2 ; Reporteros 2 Enriched eText Workbook; Reporteros 2 eText Student Edition; Reporteros 2 eText Teacher Edition; Reporteros 3; Reporters francophones 1 Enriched eText Student Edition sample unit; Reporters francophones 1 Enriched eText Workbook sample unit; Reporters francophones 1 eText Teacher Edition sample unit";24
ClassLink Test District;54846;Expired PO;INTERNAL_ClasslinkTestDistrict_Reporteros1-4;2025-02-26;2025-02-26;User;25;2;"Reporteros 1; Reporteros 2 ; Reporteros 3; Reporteros 4";14
Gwinnett County School District;58881;Expired PO;Gwinnette_Pilot_Reporteros1_2_3;2023-10-08;2024-11-10;User;5000;11;"Reporteros 1; Reporteros 2 ; Reporteros 3";500
CLASSLINK DEPRECATED DO NOT USE St. Charles Community Unit School District 303;65637;Expired PO;StCharlesCUSD_Pilot_Reporteros;2024-04-10;2024-06-07;User;1050;1;"Reporteros 1; Reporteros 2";1
Palo Alto Unified School District;59884;Expired PO;Palo Alto Pilot_Mapas1;2023-07-28;2024-07-31;User;60;1;Mapas 1;1
Palo Alto Unified School District;59884;Expired PO;Palo Alto Pilot_Mapas1teacher;2023-07-28;2024-07-31;User;20;1;Mapas 1;1
Palo Alto Unified School District;59884;Expired PO;Palo Alto Pilot_Mapas2;2023-07-28;2024-07-31;User;70;1;Mapas 2;1
Palo Alto Unified School District;59884;Expired PO;Palo Alto Pilot_Mapas2teacher;2023-07-28;2024-07-31;User;30;1;Mapas 2;1
Palo Alto Unified School District;59884;Expired PO;Palo Alto Pilot_Mapas3;2023-07-28;2024-07-31;User;60;1;Mapas 3;1
Palo Alto Unified School District;59884;Expired PO;Palo Alto Pilot_Mapas3teacher;2023-07-28;2024-07-31;User;25;1;Mapas 3;1
Palo Alto Unified School District;59884;Expired PO;Palo Alto Pilot_Mapas4;2023-07-28;2024-07-31;User;60;1;Mapas 4;1
Palo Alto Unified School District;59884;Expired PO;Palo Alto Pilot_Mapas4teacher;2023-07-28;2024-07-31;User;25;1;Mapas 4;1
Palo Alto Unified School District;59884;Expired PO;Palo Alto Pilot_PortfolioDeutschNeu1_12MO_Student;2023-08-08;2024-07-31;User;100;1;"Portfolio Deutsch Neu, Level 1 - Teacher's Manual; Portfolio Deutsch Neu, Level 1 - Textbook; Portfolio Deutsch Neu, Level 1 - Workbook; Portfolio Deutsch Neu, Level 2 - Teacher’s Manual; Portfolio Deutsch Neu, Level 2 - Textbook; Portfolio Deutsch Neu, Level 2 - Workbook; Portfolio Deutsch Neu, Level 3/4 - Teacher's Manual; Portfolio Deutsch Neu, Level 3/4 - Textbook; Portfolio Deutsch Neu, Level 3/4 - Workbook";1
Palo Alto Unified School District;59884;Expired PO;Palo Alto Pilot_Reporteros1;2023-07-28;2024-07-31;User;880;1;Reporteros 1;1
Soledad Unified School District;63926;Expired PO;SoledadUSD_Pilot_Mapas3-4;2024-02-12;2025-01-03;User;250;2;"Mapas 3; Mapas 4";21
Soledad Unified School District;63926;Expired PO;SoledadUSD_Pilot_Reporteros-all;2024-02-12;2024-06-13;User;950;3;"24 horas en Barcelona; 24 horas en Bogotá; 24 horas en Buenos Aires; 24 horas en Ciudad de México; Me despierto y bailo; Reporteros 1; Reporteros 1A; Reporteros 2 ; Reporteros 3; Todo para todos; Un gol fantástico";201
Soledad Unified School District;63926;Expired PO;SoledadUSD_Pilot_Reportersfrancophones1-2;2024-02-12;2024-06-13;User;110;2;"Reporters francophones 1; Reporters francophones 2";19
Cupertino Union School District;59874;Expired PO;SO-85_Reporteros1;2023-08-17;2024-06-14;User;3740;6;Reporteros 1;500
Fremont Unified School District;62008;Expired PO;FremontUSDPilot_Reporteros;2023-09-29;2024-11-01;User;500;1;Reporteros 3;9
Fremont Unified School District;62008;Expired PO;FremontUSDPilot_Reportersfrancophones;2023-09-29;2024-11-01;User;600;6;"Reporters francophones 1; Reporters francophones 2";231
Fremont Unified School District;62008;Expired PO;PO24-01116 RF 2 Student and Teacher;2023-08-18;2024-09-20;User;18;1;Reporters francophones 2;9
Davis Joint Unified School District;65331;Expired PO;DavisJointUSD_Pilot_24horasreaders;2024-03-28;2024-04-30;User;215;4;"24 horas en Barcelona; 24 horas en Ciudad de México";81
Davis Joint Unified School District;65331;Expired PO;DavisJointUSD_Pilot_Reporteros1-3;2024-03-18;2024-04-30;User;1500;6;"Reporteros 1; Reporteros 2 ; Reporteros 3";433
Davis Joint Unified School District;65331;Expired PO;DavisJointUSD_Pilot_Reporterosfrancophones1-2;2024-03-18;2024-04-30;User;300;3;"Reporters francophones 1; Reporters francophones 2";14
San Dieguito Union High School District;59646;Expired PO;04500/0000023176_CarmelValleyMS_Reporteros1;2023-08-16;2024-09-18;User;;;;0
San Dieguito Union High School District;59646;Expired PO;04500/0000023176_CarmelValleyMS_Reporteros2;2023-08-16;2024-09-18;User;;;;0
San Dieguito Union High School District;59646;Expired PO;04500/0000023177_DiegunoMS_Reporteros1;2023-08-16;2024-09-18;User;;;;0
San Dieguito Union High School District;59646;Expired PO;04500/0000023177_DiegunoMS_Reporteros2;2023-08-16;2024-09-18;User;;;;0
San Dieguito Union High School District;59646;Expired PO;04500/0000023178_PacificTrailsMS_Reporteros1;2023-08-16;2024-09-18;User;;;;0
San Dieguito Union High School District;59646;Expired PO;04500/0000023178_PacificTrailsMS_Reporteros2;2023-08-16;2024-09-18;User;;;;0
San Dieguito Union High School District;59646;Expired PO;04500/0000023179_EarlWarrenMS_Reporteros1;2023-08-16;2024-09-18;User;;;;0
San Dieguito Union High School District;59646;Expired PO;04500/0000023179_EarlWarrenMS_Reporteros2;2023-08-16;2024-09-18;User;;;;0
San Dieguito Union High School District;59646;Expired PO;04500/0000023180_OakCrestMS_Reporteros1;2023-08-16;2024-09-18;User;;;;0
San Dieguito Union High School District;59646;Expired PO;04500/0000023180_OakCrestMS_Reporteros2;2023-08-16;2024-09-18;User;;;;0
Pgcps.org RFP District;63023;Expired PO;demolicense-123123;2023-11-30;2025-01-02;User;10;1;"Mapas 3; Mapas 4";1
Demo School District;62969;Expired PO;demo-windycityteacher-french;2023-12-01;2024-03-09;User;50;2;"Reporters francophones 1; Reporters francophones 2";4
Demo School District;62969;Expired PO;Demo5678910_Mapas;2023-11-30;2024-06-16;User;40;3;"Mapas 1; Mapas 2; Mapas 3; Mapas 4";7
King's Schools (WA);62263;Expired PO;PO 2022388_Mapas_Combined;2023-10-13;2024-11-15;User;25;2;"Mapas 2; Mapas 3; Mapas 4";14
Lausanne Collegiate School;59438;Expired PO;230526-0308-KKM Reporteros 1 Student;2023-08-08;2024-09-10;User;30;1;Reporteros 1;25
Lausanne Collegiate School;59438;Expired PO;230526-0308-KKM Reporters francophones 2 student;2023-08-08;2024-09-10;User;20;1;Reporters francophones 2;8
Lausanne Collegiate School;59438;Expired PO;PO 230526-0308-KKM Reporters francophones 1 studen;2023-08-08;2024-09-10;User;11;1;Reporters francophones 1;9
Platte County School District 1;59429;Expired PO;PO20233987_Reporteros1_students;2023-08-03;2024-09-05;User;129;1;Reporteros 1;37
Platte County School District 1;59429;Expired PO;PO20233987_Reporteros2_students;2023-08-03;2024-09-05;User;129;1;Reporteros 2;23
Platte County School District 1;59429;Expired PO;PO20233987_Reportersfrancophones1_students;2023-08-03;2024-09-05;User;129;1;Reporters francophones 1;28
Platte County School District 1;59429;Expired PO;PO20233987_Reportersfrancophones2_students;2023-08-03;2024-09-05;User;126;1;Reporters francophones 2;31
Walden School;58842;Expired PO;PO 3287_Reporteros 1_additional;2023-08-17;2024-09-19;User;15;1;Reporteros 1;15
Walden School;58842;Expired PO;PO2906_Reporteros1_students;2023-08-03;2024-09-05;User;42;1;Reporteros 1;34
DO NOT USE;58707;Expired PO;StCharlesCUSD_Pilot_Reporteros;2024-04-10;2024-06-07;User;1050;1;"Reporteros 1; Reporteros 2";1
SUSHI;56826;Expired PO;PO SUSHI;2023-03-22;2023-09-17;User;7;1;Reporters francophones 1;1
Sales Demo District;56232;Expired PO;SalesDemo123456;2023-03-07;2023-11-30;User;1000;4;"Mapas 1 Enriched eText Student Edition; Mapas 1 Enriched eText Teacher Edition; Mapas 2 Enriched eText Student Edition; Mapas 2 eText Teacher Edition; Mapas 3 Enriched eText Student Edition; Mapas 3 eText Teacher Edition; Mapas 4 Enriched eText Student Edition; Mapas 4 eText Teacher Edition; Portfolio Deutsch Neu, Level 1 Enriched eText Student Edition; Portfolio Deutsch Neu, Level 1 Enriched eText Teacher Edition; Portfolio Deutsch Neu, Level 2 Enriched eText Student Edition; Portfolio Deutsch Neu, Level 2 Enriched eText Teacher Edition; Portfolio Deutsch Neu, Level 3/4 Enriched eText Student Edition; Portfolio Deutsch Neu, Level 3/4 Enriched eText Teacher Edition; Reporteros 1 eText Student Edition; Reporteros 1 eText Teacher Edition - 2023; Reporteros 1 eText Workbook; Reporteros 2 Enriched eText Workbook; Reporteros 2 eText Student Edition; Reporteros 2 eText Teacher Edition; Reporteros 3 eText Student Edition; Reporteros 3 eText Teacher Edition; Reporteros 3 eText Workbook; Reporters francophones 1 Enriched eText Student Edition sample unit; Reporters francophones 1 Enriched eText Workbook sample unit; Reporters francophones 1 eText Student Edition; Reporters francophones 1 eText Teacher Edition sample unit; Reporters francophones 1 eText Teacher Edition TO BE DELETED; Reporters francophones 1 eText Workbook; Reporters francophones 2 eText Student Edition; Reporters francophones 2 eText Teacher Edition TO BE DELETED; Reporters francophones 2 eText Workbook";10